name,image
          Marvel The Avengers Iron Man Symbols Dope Style Print Hoodie        ,//cdn.shopify.com/s/files/1/1801/9233/products/23_Marvel_The_Avengers_Iron_Man_Symbols_Dope_Style_Print_Hoodie_512x.jpg?v=1546300218
          Justice League Fighting Scene Cool Design Full Print Hoodie        ,//cdn.shopify.com/s/files/1/1801/9233/products/3_Justice_League_Fighting_Scene_Cool_Design_Full_Print_Hoodie_512x.jpg?v=1527349342
          X-Men Dark Phoenix Superhero Red Suit Uniform Cosplay Hoodie        ,//cdn.shopify.com/s/files/1/1801/9233/products/X-Men_Dark_Pheonix_Superhero_Red_Suit_Uniform_Cosplay_Hoodie_512x.jpg?v=1546300543
          Marvel Black Panther N'Jadaka Erik Killmonger Cosplay Hoodie        ,//cdn.shopify.com/s/files/1/1801/9233/products/Marvel_Black_Panther_N_Jadaka_Erik_Killmonger_Cosplay_Hoodie_512x.jpg?v=1546300547
          The Psychopathic Killer Joker Design Full Print Hoodie        ,//cdn.shopify.com/s/files/1/1801/9233/products/The_Psychopathic_Killer_Joker_Design_Full_Print_Hoodie_15_512x.jpg?v=1546300571
          Joker Harley Quinn Skull Art Design Mad Love Full Print Hoodie        ,//cdn.shopify.com/s/files/1/1801/9233/products/Joker_Harley_Quinn_Skull_Art_Design_Mad_Love_Full_Print_Hoodie_1_512x.jpg?v=1532501757
          Harley Quinn Biting Knife With Blue Cape Cool Print Hoodie        ,//cdn.shopify.com/s/files/1/1801/9233/products/Harley_Quinn_Biting_Knife_With_Blue_Cape_Cool_Print_Hoodie_1_512x.jpg?v=1546300469
          Justice League DC Comics Superheroes Team Awesome 3D Print Hoodie        ,//cdn.shopify.com/s/files/1/1801/9233/products/17_Justice_League_DC_Comics_Superheroes_Team_Awesome_3D_Print_Hoodie_512x.jpg?v=1527349335
          Marvel The Incredible Hulk Fist Design Green Vibrant Hoodie        ,//cdn.shopify.com/s/files/1/1801/9233/products/Marvel_The_Incredible_Hulk_Fist_Design_Green_Vibrant_Hoodie_1_512x.JPG?v=1560846988
          X-Men Dark Pheonix Superhero Green Uniform Zip Up Hoodie        ,//cdn.shopify.com/s/files/1/1801/9233/products/X-Men_Dark_Pheonix_Superhero_Green_Uniform_Zip_Up_Hoodie_-_1_512x.jpg?v=1546298065
          Marvel Magnificent The Wasp Hope Van Dyne Suit Zip Up Hoodie        ,//cdn.shopify.com/s/files/1/1801/9233/products/Marvel_Magnificent_Hope_Van_Dyne_Wasp_Suit_Zip_Up_Hoodie_-_1_512x.png?v=1546298080
          Marvel Thor God Of Thunder Black Armor Suit Cosplay Hoodie        ,//cdn.shopify.com/s/files/1/1801/9233/products/Marvel_Thor_God_Of_Thunder_Black_Armor_Suit_Cosplay_Hoodie_512x.jpg?v=1542267466
          The Incredible Hulk Is About To Explode Full Print Hoodie        ,//cdn.shopify.com/s/files/1/1801/9233/products/The_Incredible_Hulk_Is_About_To_Explode_Full_Print_T-Shirt_1_512x.jpg?v=1546300556
          The Green Big Dude Incredible Hulk Full Print Hoodie        ,//cdn.shopify.com/s/files/1/1801/9233/products/The_Green_Big_Dude_Incredible_Hulk_Full_Print_T-Shirt_1_512x.jpg?v=1546300652
          The Bad Ass Psychopath Joker Design Full Print Hoodie        ,//cdn.shopify.com/s/files/1/1801/9233/products/The_Bad_Ass_Psychopath_Joker_Design_Full_Print_Hoodie_31_512x.jpg?v=1546300624
          Superman Super Cool Signature Design Full Print Hoodie        ,//cdn.shopify.com/s/files/1/1801/9233/products/Superman_Super_Cool_Signature_Design_Full_Print_Hoodie_15_512x.jpg?v=1546300552
          Spiderman Shattered Dimensions Swag Team Black Print Hoodie        ,//cdn.shopify.com/s/files/1/1801/9233/products/9_Spiderman_Shattered_Dimensions_Swag_Team_Black_Print_Hoodie-min_512x.jpg?v=1546300547
          The Powerful Red Spider Dark Full Print Design Dope Hoodie        ,//cdn.shopify.com/s/files/1/1801/9233/products/The_Powerful_Red_Spider_Dark_Full_Print_Design_Dope_Hoodie_11_512x.jpg?v=1546300535
          Spider-Man Enemy Monster Design Full Print Dope Hoodie        ,//cdn.shopify.com/s/files/1/1801/9233/products/Spider-Man_Enemy_Monster_Design_Full_Print_Dope_Hoodie_5_512x.JPG?v=1546300589
          Wonder Woman Ready To Save On Messy Fight Scene Hoodie        ,//cdn.shopify.com/s/files/1/1801/9233/products/Wonder_Woman_Ready_To_Save_On_Messy_Fight_Scene_Hoodie_1_512x.jpg?v=1546220260
          Wonder Woman Gal Gadot Realistic Stolen Pose Cool Hoodie        ,//cdn.shopify.com/s/files/1/1801/9233/products/Wonder_Woman_Gal_Gadot_Realistic_Stolen_Pose_Cool_Hoodie_1_512x.jpg?v=1536045452
          Captain America With Shield And Flag Paint Art Design Hoodie        ,//cdn.shopify.com/s/files/1/1801/9233/products/Captain_America_With_Shield_And_Flag_Paint_Art_Design_Hoodie_1_512x.jpg?v=1546220212
          Captain America Leaving The Victorious Battle White Hoodie        ,//cdn.shopify.com/s/files/1/1801/9233/products/Captain_America_Leaving_The_Victorious_Battle_White_Hoodie_1_512x.jpg?v=1534486544
          Sexy Wonder Woman 3D Animated Print Cracking Wall Hoodie        ,//cdn.shopify.com/s/files/1/1801/9233/products/Sexy_Wonder_Woman_3D_Animated_Print_Cracking_Wall_Hoodie_1_512x.jpg?v=1533631917
          Thor Avengers Marvel Hand Holding Mjolnir Flamming Hoodie        ,//cdn.shopify.com/s/files/1/1801/9233/products/Thor_Avengers_Marvel_Hand_Holding_Mjolnir_Flamming_Hoodie_1-min_512x.jpg?v=1533106928
          Standing Harley Quinn Daring Costume Amazing Hoodie        ,//cdn.shopify.com/s/files/1/1801/9233/products/Standing_Harley_Quinn_Daring_Costume_Amazing_Hoodie_1_512x.jpg?v=1546300280
          Sexy Harley Quinn Holding Baseball Bat Blue Red Design Hoodie        ,//cdn.shopify.com/s/files/1/1801/9233/products/Sexy_Harley_Quinn_Holding_Baseball_Bat_Blue_Red_Design_Hoodie_1_512x.jpg?v=1546220317
          Joker Colorful Doodle Art Design 3D Full Print Hoodie        ,//cdn.shopify.com/s/files/1/1801/9233/products/Joker_Colorful_Doodle_Art_Design_3D_Full_Print_Hoodie_1_512x.jpg?v=1546378406
          Harley Quinn And Joker Scary Smile Suicide Squad Hoodie        ,//cdn.shopify.com/s/files/1/1801/9233/products/Harley_Quinn_And_Joker_Scary_Smile_Suicide_Squad_Hoodie_1_512x.jpg?v=1532422234
          DC Comics Harley Quinn Red Black Costume Full Print Hoodie        ,//cdn.shopify.com/s/files/1/1801/9233/products/DC_Comics_Harley_Quinn_Red_Black_Costume_Full_Print_Hoodie_1_512x.jpg?v=1546220239
          Bloody Scary Daring Harley Quinn Full Print Hoodie        ,//cdn.shopify.com/s/files/1/1801/9233/products/Bloody_Scary_Daring_Harley_Quinn_Full_Print_Hoodie_1_512x.jpg?v=1546300234
          White Batman Superhero Thug Print On Black Hoodie        ,//cdn.shopify.com/s/files/1/1801/9233/products/White_Batman_Superhero_Thug_Print_On_Black_Hoodie_1_512x.jpg?v=1546220262
          Batman The Dark Knight Ready To Save Full Print Hoodie        ,//cdn.shopify.com/s/files/1/1801/9233/products/Batman_The_Dark_Knight_Ready_To_Save_Full_Print_Hoodie_1_512x.jpg?v=1532186748
          Mighty Thor The Avengers Armor Cosplay 3D Zip Up Hoodie        ,//cdn.shopify.com/s/files/1/1801/9233/products/Mighty_Thor_The_Avengers_Armor_Cosplay_3D_Zip_Up_Hoodie_1_512x.png?v=1546298062
          Marvel The Avengers Thor Portrait Unique 3D Print Hoodie        ,//cdn.shopify.com/s/files/1/1801/9233/products/33_Marvel_The_Avengers_Thor_Portrait_Unique_3D_Print_Hoodie_512x.jpg?v=1561534534
          Marvel The Avengers Main Characters Flying Swag Print Hoodie        ,//cdn.shopify.com/s/files/1/1801/9233/products/27_Marvel_The_Avengers_Main_Characters_Flying_Swag_Print_Hoodie_512x.jpg?v=1546220289
          Guardians of the Galaxy Cute Baby Groot 3D Print Design Hoodie        ,//cdn.shopify.com/s/files/1/1801/9233/products/9_Guardians_of_the_Galaxy_Cute_Baby_Groot_3D_Print_Design_Hoodie_512x.jpg?v=1527349229
          Justice League Powerful Superman Comic Art Print Hoodie        ,//cdn.shopify.com/s/files/1/1801/9233/products/33_Justice_League_Powerful_Superman_Comic_Art_Print_Hoodie_512x.jpg?v=1527349367
          Justice League DC Superheroes All Characters Cool Hoodie        ,//cdn.shopify.com/s/files/1/1801/9233/products/27_Justice_League_DC_Superheroes_All_Characters_Cool_Hoodie_512x.jpg?v=1527349338
          Justice League Superheroes Cool Team Art 3D Printed Hoodie        ,//cdn.shopify.com/s/files/1/1801/9233/products/13_Justice_League_Superheroes_Cool_Team_Art_3D_Printed_Hoodie_512x.jpg?v=1527349375
          Justice League Superman Aquaman Dope Stare 3D Printed Hoodie        ,//cdn.shopify.com/s/files/1/1801/9233/products/7_Justice_League_Superman_Aquaman_Dope_Stare_3D_Printed_Hoodie_512x.jpg?v=1527349388
          Deadpool Impressive Abstract Painting Design 3D Print Hoodie        ,//cdn.shopify.com/s/files/1/1801/9233/products/43_Deadpool_Impressive_Abstract_Painting_Design_3D_Print_Hoodie_512x.jpg?v=1527348413
          Dangerous Deadpool Firing A Gun Amazing Style Fan Art Hoodie        ,//cdn.shopify.com/s/files/1/1801/9233/products/35_Dangerous_Deadpool_Firing_A_Gun_Amazing_Style_Fan_Art_Hoodie_512x.jpg?v=1527348355
          Funny Deadpool Riding Iron Man Meme Style 3D Print Hoodie        ,//cdn.shopify.com/s/files/1/1801/9233/products/3_Funny_Deadpool_Riding_Iron_Man_Meme_Style_3D_Print_Hoodie_512x.jpg?v=1527349219
          Danger Doll Squad Epic Comic Crossover Black Hoodie        ,//cdn.shopify.com/s/files/1/1801/9233/products/Pullover_Hoodie_Mockups_512x.jpg?v=1569916314
          The Batman Who Laughs Bloody And Creepy Design Dope Hoodie        ,//cdn.shopify.com/s/files/1/1801/9233/products/custom_hoodie_512x.jpg?v=1568261986
          X-Men Mutant Colossus Piotr Rasputin Uniform Cosplay Hoodie        ,//cdn.shopify.com/s/files/1/1801/9233/products/X-Men_Mutant_Colossus_Piotr_Rasputin_Uniform_Cosplay_Hoodie_2_512x.png?v=1560847780
          Teenage Mutant Ninja Turtles Superhero Orange Sunset Hoodie        ,//cdn.shopify.com/s/files/1/1801/9233/products/Teenage_Mutant_Ninja_Turtles_Superhero_Orange_Sunset_Hoodie_1_512x.jpg?v=1560847642
          Teenage Mutant Ninja Turtles Running From The Fire Hoodie        ,//cdn.shopify.com/s/files/1/1801/9233/products/Teenage_Mutant_Ninja_Turtles_Running_From_The_Fire_Hoodie_1_512x.jpg?v=1560847568
          Stunning The Flash Yellow Lightning Logo Red Cosplay Hoodie        ,//cdn.shopify.com/s/files/1/1801/9233/products/Stunning_The_Flash_Yellow_Lightning_Logo_Design_Red_Hoodie_1_512x.jpg?v=1560847492
          Wakanda Black Panther Vibranium-Weave Suit Cosplay Hoodie        ,//cdn.shopify.com/s/files/1/1801/9233/products/Marvel_Wakanda_Black_Panther_Vibranium-Weave_Suit_Hoodie_1_512x.JPG?v=1560847361
          Marvel Wade Wilson Deadpool Uniform Costume Red Suit Hoodie        ,//cdn.shopify.com/s/files/1/1801/9233/products/Marvel_Wade_Wilson_Deadpool_Uniform_Costume_Red_Suit_Hoodie_1_512x.jpg?v=1560847209
          Marvel Wade Wilson Deadpool Red Suit Mask Costume 3D Hoodie        ,//cdn.shopify.com/s/files/1/1801/9233/products/Marvel_Wade_Wilson_Deadpool_Red_Suit_Mask_Costume_3D_Hoodie_1_512x.png?v=1560847137
          Marvel Tony Stark Iron Man Armor Mark L Red Costume Hoodie        ,//cdn.shopify.com/s/files/1/1801/9233/products/Marvel_Tony_Stark_Iron_Man_Armor_Mark_L_Red_Costume_Hoodie_1_512x.jpg?v=1560847063
          Marvel The Incredible Hulk Angry Face Green Vibrant Hoodie        ,//cdn.shopify.com/s/files/1/1801/9233/products/Marvel_The_Incredible_Hulk_Angry_Face_Green_Vibrant_Hoodie_1_512x.jpg?v=1560846895
          Marvel Thanos Supervillain Uniform Costume Cool 3D HD Hoodie        ,//cdn.shopify.com/s/files/1/1801/9233/products/Marvel_Thanos_Supervillain_Uniform_Costume_Cool_3D_HD_Hoodie_1_512x.PNG?v=1560846828
          Marvel Thanos Face & The Infinity Stones Purple Black Hoodie        ,//cdn.shopify.com/s/files/1/1801/9233/products/Marvel_Thanos_Face___The_Infinity_Stones_Purple_Black_Hoodie_3_512x.JPG?v=1560845625
          Marvel Spider-Man Iron Spider Armor Suit Red Cosplay Hoodie        ,//cdn.shopify.com/s/files/1/1801/9233/products/Marvel_Peter_Parker_Spider-Man_Iron_Spider_Armor_Suit_Hoodie_1_512x.JPG?v=1560845384
          Marvel Deadpool Superhero Amazing Comic Designs Red Hoodie        ,//cdn.shopify.com/s/files/1/1801/9233/products/Marvel_Deadpool_Superhero_Amazing_Comic_Designs_Red_Hoodie_1_512x.jpg?v=1560844927
          Marvel Deadpool Mask With Wade Skeleton Face Figure Hoodie        ,//cdn.shopify.com/s/files/1/1801/9233/products/Marvel_Deadpool_Mask_With_Wade_Skeleton_Face_Figure_Hoodie_1_512x.jpg?v=1560844569
          Marvel Crazy Deadpool Lunatic Wade Winston Wilson Red Hoodie        ,//cdn.shopify.com/s/files/1/1801/9233/products/Marvel_Crazy_Deadpool_Lunatic_Wade_Winston_Wilson_Red_Hoodie_1_512x.jpg?v=1560844479
          Marvel Cool Deadpool Mask Abstract Paint Design Red Hoodie        ,//cdn.shopify.com/s/files/1/1801/9233/products/Marvel_Cool_Deadpool_Mask_Abstract_Paint_Design_Red_Hoodie_1_512x.jpg?v=1560844392
          Marvel Captain America Avengers III Uniform Costume Hoodie        ,//cdn.shopify.com/s/files/1/1801/9233/products/Marvel_Captain_America_Avengers_III_Uniform_Costume_Hoodie_1_512x.jpg?v=1560844304
          Marvel Black Panther The Panther Habit Suit Costume Hoodie        ,//cdn.shopify.com/s/files/1/1801/9233/products/Marvel_Black_Panther_The_Panther_Habit_Suit_Costume_Hoodie_1_512x.png?v=1560844104
          Guardians Of The Galaxy Sweet Groot Colorful Vibrant Hoodie        ,//cdn.shopify.com/s/files/1/1801/9233/products/Guardians_Of_The_Galaxy_Sweet_Groot_Colorful_Vibrant_Hoodie_1_512x.jpg?v=1560843949
          Guardians Of The Galaxy Star-Lord Peter Jason Quill Hoodie        ,//cdn.shopify.com/s/files/1/1801/9233/products/Guardians_Of_The_Galaxy_Star-Lord_Peter_Jason_Quill_Hoodie_1_512x.jpg?v=1560843859
          Guardians Of The Galaxy Gamora Zen Whoberi Ben Titan Hoodie        ,//cdn.shopify.com/s/files/1/1801/9233/products/Guardians_Of_The_Galaxy_Gamora_Zen_Whoberi_Ben_Titan_Hoodie_1_512x.jpg?v=1560843479
          Guardians Of The Galaxy Cool Captain Yondu Udonta Hoodie        ,//cdn.shopify.com/s/files/1/1801/9233/products/Guardians_Of_The_Galaxy_Cool_Captain_Yondu_Udonta_Hoodie_1_512x.jpg?v=1560843232
          Guardians Of The Galaxy Awesome Rocket Raccoon Green Hoodie        ,//cdn.shopify.com/s/files/1/1801/9233/products/Guardians_Of_The_Galaxy_Awesome_Rocket_Raccoon_Green_Hoodie_1_512x.jpg?v=1560842915
          Flash The Fastest Man Alive Cartoon Design Orange Hoodie        ,//cdn.shopify.com/s/files/1/1801/9233/products/Flash_The_Fastest_Man_Alive_Cartoon_Design_Orange_Hoodie_1_512x.jpg?v=1560842794
          Captain America STRIKE Stealth Suit Navy Blue Cosplay Hoodie        ,//cdn.shopify.com/s/files/1/1801/9233/products/Dope_Captain_America_STRIKE_Stealth_Uniform_Navy_Blue_Hoodie_1_512x.PNG?v=1560842596
          DC Comics Green Arrow Majestic Design Green Vibrant Hoodie        ,//cdn.shopify.com/s/files/1/1801/9233/products/DC_Comics_Green_Arrow_Majestic_Design_Green_Vibrant_Hoodie_1_512x.jpg?v=1560842332
          DC Arrow & Villain Deathstroke Logo Green Stripes Hoodie        ,//cdn.shopify.com/s/files/1/1801/9233/products/DC_Arrow___Villain_Deathstroke_Logo_Green_Stripes_Hoodie_1_512x.jpg?v=1560842261
          Cool Supergirl Kara Danvers Flying Superheroine Blue Hoodie        ,//cdn.shopify.com/s/files/1/1801/9233/products/Cool_Supergirl_Kara_Danvers_Flying_Superheroine_Blue_Hoodie_1_512x.jpg?v=1560842150
          Awesome Deadpool Superhero Symbol & Glowing Eyes Red Hoodie        ,//cdn.shopify.com/s/files/1/1801/9233/products/Awesome_Deadpool_Superhero_Symbol___Glowing_Eyes_Red_Hoodie_1_512x.jpg?v=1560842086
          Amazing Animated Supergirl In Blue Galactic Universe Hoodie        ,//cdn.shopify.com/s/files/1/1801/9233/products/Amazing_Animated_Supergirl_In_Blue_Galactic_Universe_Hoodie_1_512x.jpg?v=1560841829
          Flying Captain Marvel Shazam DC Comics Lightning Blue Chic Hoodie        ,//cdn.shopify.com/s/files/1/1801/9233/products/Flying_Captain_Marvel_Shazam_DC_Comics_Lightning_Blue_Chic_Hoodie_-_1_512x.jpg?v=1550041316
          DC Comics Young Billy Shazam Magical Transformation Hoodie        ,//cdn.shopify.com/s/files/1/1801/9233/products/DC_Comics_Young_Billy_Shazam_Magical_Transformation_Hoodie_1_512x.jpg?v=1550041063
          DC Comics Superhero Shazam Stylish White Hoodie        ,//cdn.shopify.com/s/files/1/1801/9233/products/DC_Comics_Superhero_Shazam_Stylish_White_Hoodie_-_2_512x.jpg?v=1550040913
          DC Comics Shazam Godly Lightning Blasts 3D Print Hoodie        ,//cdn.shopify.com/s/files/1/1801/9233/products/DC_Comics_Shazam_Godly_Lightning_Blasts_3D_Print_Hoodie_1_512x.jpg?v=1550040631
          DC Comics Shazam Billy Batson Portrait 3D Print Hoodie        ,//cdn.shopify.com/s/files/1/1801/9233/products/DC_Comics_Shazam_Billy_Batson_Portrait_3D_Print_Hoodie_1_512x.jpg?v=1550040362
          DC Comics Powerful Captain Marvel Shazam Golden Hoodie        ,//cdn.shopify.com/s/files/1/1801/9233/products/DC_Comics_Powerful_Captain_Marvel_Shazam_Golden_Hoodie_1_512x.jpg?v=1550040150
          DC Comics Mightiest Mortal Shazam Epic Print Hoodie        ,//cdn.shopify.com/s/files/1/1801/9233/products/DC_Comics_Mightiest_Mortal_Shazam_Epic_Print_Hoodie_1_512x.jpg?v=1550039655
          DC Comics Flying Captain Marvel Shazam Modern Blue Hoodie        ,//cdn.shopify.com/s/files/1/1801/9233/products/DC_Comics_Flying_Captain_Marvel_Shazam_Modern_Blue_Hoodie_-_1_512x.jpg?v=1550039374
          DC Comics Epic Godly Captain Marvel Shazam White Hoodie        ,//cdn.shopify.com/s/files/1/1801/9233/products/DC_Comics_Epic_Godly_Captain_Marvel_Shazam_White_Hoodie_1_512x.jpg?v=1550039161
          DC Comics Captain Marvel Shazam! Logo Cool 3D Print Hoodie        ,//cdn.shopify.com/s/files/1/1801/9233/products/DC_Comics_Captain_Marvel_Shazam_Logo_Cool_3D_Print_Hoodie_1_512x.jpg?v=1550039003
          Captain Marvel Superhero Shazam Stand Pose Trendy Red Hoodie        ,//cdn.shopify.com/s/files/1/1801/9233/products/Captain_Marvel_Superhero_Shazam_Stand_Pose_Trendy_Red_Hoodie_-_1_512x.jpg?v=1550038842
          Captain Marvel Superhero Epic Charged Electric Hoodie        ,//cdn.shopify.com/s/files/1/1801/9233/products/Captain_Marvel_Superhero_Epic_Charged_Electric_Hoodie_-_1_512x.jpg?v=1550038663
          Captain Marvel Superhero Electrifying Fashionable Blue Hoodie        ,//cdn.shopify.com/s/files/1/1801/9233/products/Captain_Marvel_Superhero_Electrifying_Fashionable_Blue_Hoodie_-_1_512x.jpg?v=1550038523
          Captain Marvel Shazam Superhero Simple Minimalist Red Hoodie        ,//cdn.shopify.com/s/files/1/1801/9233/products/Captain_Marvel_Shazam_Superhero_Simple_Minimalist_Red_Hoodie_-_1_512x.jpg?v=1550038375
          X-Men Scott Summers Cyclops Dope Blue Suit Zip Up Hoodie        ,//cdn.shopify.com/s/files/1/1801/9233/products/X-Men_Scott_Summers_Cyclops_Dope_Blue_Suit_Zip_Up_Hoodie_-_1_512x.png?v=1546298019
          X-Men Dark Phoenix Superhero Red Suit Uniform Zip Up Hoodie        ,//cdn.shopify.com/s/files/1/1801/9233/products/X-Men_Dark_Pheonix_Superhero_Red_Suit_Uniform_Zip_Up_Hoodie_-_1_512x.png?v=1546298089
          X-Men Colossus Piotr Rasputin Mutant Uniform Zip Up Hoodie        ,//cdn.shopify.com/s/files/1/1801/9233/products/X-Men_Colossus_Piotr_Rasputin_Mutant_Uniform_Zip_Up_Hoodie_-_1_512x.png?v=1546298047
          The Mightiest Avenger Captain Marvel Red Blue Zip Up Hoodie        ,//cdn.shopify.com/s/files/1/1801/9233/products/The_Mightiest_Avenger_Captain_Marvel_Red_Blue_Zip_Up_Hoodie_-_1_512x.jpg?v=1546297992
          Marvel Tough Captain America Winter Soldier Zip Up Hoodie        ,//cdn.shopify.com/s/files/1/1801/9233/products/Marvel_Tough_Captain_America_Winter_Soldier_Zip_Up_Hoodie_-_1_512x.jpg?v=1546297988
          Marvel Tony Stark Marvelous Iron Man Red Suit Zip Up Hoodie        ,//cdn.shopify.com/s/files/1/1801/9233/products/Marvel_Tony_Stark_Marvelous_Iron_Man_Red_Suit_Zip_Up_Hoodie_-_1_512x.jpg?v=1546298044
          Marvel Thor God Of Thunder Black Armor Suit Zip Up Hoodie        ,//cdn.shopify.com/s/files/1/1801/9233/products/Marvel_Thor_God_Of_Thunder_Black_Armor_Suit_Zip_Up_Hoodie_-_1_512x.jpg?v=1546298074
          Marvel Prince Of Asgard God Of Mischief Loki Zip Up Hoodie        ,//cdn.shopify.com/s/files/1/1801/9233/products/Marvel_Prince_Of_Asgard_God_Of_Mischief_Loki_Zip_Up_Hoodie_-_1_512x.png?v=1546298009
          Marvel Powerful Thanos The Mad Titan Armor Zip Up Hoodie        ,//cdn.shopify.com/s/files/1/1801/9233/products/Marvel_Powerful_Thanos_The_Mad_Titan_Armor_Zip_Up_Hoodie_-_1_512x.jpg?v=1546298012
          Marvel Okoyo Dora Milaje Leader Battle Suit Zip Up Hoodie        ,//cdn.shopify.com/s/files/1/1801/9233/products/Marvel_Okoyo_Dora_Milaje_Leader_Battle_Suit_Zip_Up_Hoodie_-_1_512x.png?v=1546298056
          Marvel Nakia Wakanda Spy War Dogs Battle Suit Zip Up Hoodie        ,//cdn.shopify.com/s/files/1/1801/9233/products/Marvel_Nakia_Wakanda_Spy_War_Dogs_Battle_Suit_Zip_Up_Hoodie_-_1_512x.png?v=1546298106
          Marvel Mightiest Avenger Captain Marvel Green Zip Up Hoodie        ,//cdn.shopify.com/s/files/1/1801/9233/products/Marvel_Mightiest_Avenger_Captain_Marvel_Green_Zip_Up_Hoodie_-_1_512x.jpg?v=1546298116
          Marvel M'Baku Jabari Tribe White Gorilla Cult Zip Up Hoodie        ,//cdn.shopify.com/s/files/1/1801/9233/products/Marvel_M_Baku_Jabari_Tribe_White_Gorilla_Cult_Zip_Up_Hoodie_-_1_512x.png?v=1546298040
          Marvel Immortal Rogue Deadpool Logo Red Suit Zip Up Hoodie        ,//cdn.shopify.com/s/files/1/1801/9233/products/Marvel_Immortal_Rogue_Deadpool_Logo_Red_Suit_Zip_Up_Hoodie_-_1_512x.png?v=1546298030
          Marvel Guardians Of The Galaxy Rocket Raccoon Zip Up Hoodie        ,//cdn.shopify.com/s/files/1/1801/9233/products/Marvel_Guardians_Of_The_Galaxy_Rocket_Raccoon_Zip_Up_Hoodie_-_1_512x.jpg?v=1546298056
          Marvel Guardians Of The Galaxy Mantis Green Zip Up Hoodie        ,//cdn.shopify.com/s/files/1/1801/9233/products/Marvel_Guardians_Of_The_Galaxy_Mantis_Green_Zip_Up_Hoodie_-_1_512x.png?v=1546298033
          Marvel Guardians Of The Galaxy Gamora Green Zip Up Hoodie        ,//cdn.shopify.com/s/files/1/1801/9233/products/Marvel_Guardians_Of_The_Galaxy_Gamora_Green_Zip_Up_Hoodie_-_1_512x.jpg?v=1546298016
          Marvel Guardian Of The Galaxy Groot New Brown Zip Up Hoodie        ,//cdn.shopify.com/s/files/1/1801/9233/products/Marvel_Guardian_Of_The_Galaxy_Groot_New_Brown_Zip_Up_Hoodie_-_1_512x.jpg?v=1546298038
          Marvel Erik Killmonger N'Jadaka Armor Suit Zip Up Hoodie        ,//cdn.shopify.com/s/files/1/1801/9233/products/Marvel_Erik_Killmonger_N_Jadaka_Armor_Suit_Zip_Up_Hoodie_-_1_512x.png?v=1546297986
          Marvel Black Panther N'Jadaka Erik Killmonger Zip Up Hoodie        ,//cdn.shopify.com/s/files/1/1801/9233/products/Marvel_Black_Panther_N_Jadaka_Erik_Killmonger_Zip_Up_Hoodie_-_1_512x.png?v=1546298034
          Marvel Black Panther Erik Killmonger N'Jadaka Zip Up Hoodie        ,//cdn.shopify.com/s/files/1/1801/9233/products/Marvel_Black_Panther_Erik_Killmonger_N_Jadaka_Zip_Up_Hoodie_-_1_512x.png?v=1546298009
          Marvel Avengers Vision Android Superhero Suit Zip Up Hoodie        ,//cdn.shopify.com/s/files/1/1801/9233/products/Marvel_Avengers_Vision_Android_Superhero_Suit_Zip_Up_Hoodie_-_1_512x.jpg?v=1546298058
          Cool Ant-Man Superhero Armor Suit Full Print Zip Up Hoodie        ,//cdn.shopify.com/s/files/1/1801/9233/products/Cool_Ant-Man_Superhero_Armor_Suit_Full_Print_Zip_Up_Hoodie_-_1_512x.png?v=1546298095
          X-Men Scott Summers Cyclops Dope Blue Suit Cosplay Hoodie        ,//cdn.shopify.com/s/files/1/1801/9233/products/X-Men_Scott_Summers_Cyclops_Dope_Blue_Suit_Cosplay_Hoodie_512x.jpg?v=1546300585
          X-Men Dark Phoenix Superhero Green Uniform Cosplay Hoodie        ,//cdn.shopify.com/s/files/1/1801/9233/products/X-Men_Dark_Pheonix_Superhero_Green_Uniform_Cosplay_Hoodie_512x.jpg?v=1546300578
          X-Men Colossus Piotr Rasputin Mutant Uniform Cosplay Hoodie        ,//cdn.shopify.com/s/files/1/1801/9233/products/X-Men_Colossus_Piotr_Rasputin_Mutant_Uniform_Cosplay_Hoodie_512x.jpg?v=1546300591
          The Mightiest Avenger Captain Marvel Red Blue Cosplay Hoodie        ,//cdn.shopify.com/s/files/1/1801/9233/products/The_Mightiest_Avenger_Captain_Marvel_Red_Blue_Cosplay_Hoodie_512x.jpg?v=1546300555
          Marvel Tough Captain America Winter Soldier Cosplay Hoodie        ,//cdn.shopify.com/s/files/1/1801/9233/products/Marvel_Tough_Captain_America_Winter_Soldier_Cosplay_Hoodie_512x.jpg?v=1546300642
          Marvel Tony Stark Marvelous Iron Man Red Suit Cosplay Hoodie        ,//cdn.shopify.com/s/files/1/1801/9233/products/Marvel_Tony_Stark_Marvelous_Iron_Man_Red_Suit_Cosplay_Hoodie_512x.jpg?v=1546300576
          Marvel Prince Of Asgard God Of Mischief Loki Cosplay Hoodie        ,//cdn.shopify.com/s/files/1/1801/9233/products/Marvel_Prince_Of_Asgard_God_Of_Mischief_Loki_Cosplay_Hoodie_512x.jpg?v=1546300643
          Marvel Powerful Thanos The Mad Titan Armor Cosplay Hoodie        ,//cdn.shopify.com/s/files/1/1801/9233/products/Marvel_Powerful_Thanos_The_Mad_Titan_Armor_Cosplay_Hoodie_512x.jpg?v=1546300590
          Marvel Okoyo Dora Milaje Leader Battle Suit Cosplay Hoodie        ,//cdn.shopify.com/s/files/1/1801/9233/products/Marvel_Okoyo_Dora_Milaje_Leader_Battle_Suit_Cosplay_Hoodie_512x.jpg?v=1546378667
          Marvel Nakia Wakanda Spy War Dogs Battle Suit Cosplay Hoodie        ,//cdn.shopify.com/s/files/1/1801/9233/products/Marvel_Nakia_Wakanda_Spy_War_Dogs_Battle_Suit_Cosplay_Hoodie_512x.jpg?v=1546300554
          Marvel Mightiest Avenger Captain Marvel Green Cosplay Hoodie        ,//cdn.shopify.com/s/files/1/1801/9233/products/Marvel_Mightiest_Avenger_Captain_Marvel_Green_Cosplay_Hoodie_512x.jpg?v=1546300587
          Marvel M'Baku Jabari Tribe White Gorilla Cult Cosplay Hoodie        ,//cdn.shopify.com/s/files/1/1801/9233/products/Marvel_M_Baku_Jabari_Tribe_White_Gorilla_Cult_Cosplay_Hoodie_512x.jpg?v=1546300657
          Marvel Magnificent The Wasp Hope Van Dyne Cosplay Hoodie        ,//cdn.shopify.com/s/files/1/1801/9233/products/Marvel_Magnificent_Hope_Van_Dyne_Wasp_Suit_Cosplay_Hoodie_512x.jpg?v=1546300618
          Marvel Immortal Rogue Deadpool Logo Red Suit Cosplay Hoodie        ,//cdn.shopify.com/s/files/1/1801/9233/products/Marvel_Immortal_Rogue_Deadpool_Logo_Red_Suit_Cosplay_Hoodie_512x.jpg?v=1546300613
          Marvel Guardians Of The Galaxy Rocket Raccoon Cosplay Hoodie        ,//cdn.shopify.com/s/files/1/1801/9233/products/Marvel_Guardians_Of_The_Galaxy_Rocket_Raccoon_Cosplay_Hoodie_512x.jpg?v=1546300591
          Marvel Guardians Of The Galaxy Mantis Green Cosplay Hoodie        ,//cdn.shopify.com/s/files/1/1801/9233/products/Marvel_Guardians_Of_The_Galaxy_Mantis_Green_Cosplay_Hoodie_512x.jpg?v=1546300624
          Marvel Guardians Of The Galaxy Gamora Green Cosplay Hoodie        ,//cdn.shopify.com/s/files/1/1801/9233/products/Marvel_Guardians_Of_The_Galaxy_Gamora_Green_Cosplay_Hoodie_512x.jpg?v=1546300639
          Marvel Guardian Of The Galaxy Groot New Brown Cosplay Hoodie        ,//cdn.shopify.com/s/files/1/1801/9233/products/Marvel_Guardian_Of_The_Galaxy_Groot_New_Brown_Cosplay_Hoodie_512x.jpg?v=1546300559
          Marvel Erik Killmonger N'Jadaka Armor Suit Cosplay Hoodie        ,//cdn.shopify.com/s/files/1/1801/9233/products/Marvel_Erik_Killmonger_N_Jadaka_Armor_Suit_Cosplay_Hoodie_512x.jpg?v=1546300621
          Marvel Black Panther Erik Killmonger N'Jadaka Cosplay Hoodie        ,//cdn.shopify.com/s/files/1/1801/9233/products/Marvel_Black_Panther_Erik_Killmonger_N_Jadaka_Cosplay_Hoodie_512x.jpg?v=1546300619
          Marvel Avengers Vision Android Superhero Suit Cosplay Hoodie        ,//cdn.shopify.com/s/files/1/1801/9233/products/Marvel_Avengers_Vision_Android_Superhero_Suit_Cosplay_Hoodie_512x.jpg?v=1542264228
          Cool Ant-Man Superhero Armor Suit Full Print Cosplay Hoodie        ,//cdn.shopify.com/s/files/1/1801/9233/products/Cool_Ant-Man_Superhero_Armor_Suit_Full_Print_Cosplay_Hoodie_512x.jpg?v=1542263373
          The Serious Side Of Deadpool Superhero Full Print Hoodie        ,//cdn.shopify.com/s/files/1/1801/9233/products/The_Serious_Side_Of_Deadpool_Superhero_Full_Print_T-Shirt_1_512x.jpg?v=1546300545
          The Angry Firing Hulk Avengers Superhero Full Print Hoodie        ,//cdn.shopify.com/s/files/1/1801/9233/products/The_Angry_Firing_Hulk_Avengers_Superhero_Full_Print_T-Shirt_1_512x.jpg?v=1546378593
          Psychopathic Evil Laugh Villain Joker Print Orange Hoodie        ,//cdn.shopify.com/s/files/1/1801/9233/products/Psychopathic_Evil_Laugh_Villain_Joker_Print_Orange_Hoodie_-_1_512x.jpg?v=1546300569
          Marvel's The Avengers Powerful Squad Full Print Hoodie        ,//cdn.shopify.com/s/files/1/1801/9233/products/Marvel_s_The_Avengers_Powerful_Squad_Full_Print_Hoodie_1_512x.jpg?v=1546300599
          Marvel Comics Captain America Blue Full Print Hoodie        ,//cdn.shopify.com/s/files/1/1801/9233/products/Marvel_Comics_Captain_America_Blue_Full_Print_Hoodie_1_512x.jpg?v=1546300552
          Hanging Spider Web Spider-Man Red Full Print Hoodie        ,//cdn.shopify.com/s/files/1/1801/9233/products/Hanging_Spider_Web_Spider-Man_Red_Full_Print_Hoodie_1_512x.jpg?v=1546300630
          Deadpool The Funny And Coolest Superhero Full Print Hoodie        ,//cdn.shopify.com/s/files/1/1801/9233/products/Deadpool_The_Funny_And_Coolest_Superhero_Full_Print_Hoodie_1_512x.jpg?v=1546300548
          Captain America The Cowboy Superhero Full Print Hoodie        ,//cdn.shopify.com/s/files/1/1801/9233/products/Captain_America_The_Cowboy_Superhero_Full_Print_Hoodie_1_512x.jpg?v=1546378577
          Batman The Fighter Against Strikes Terror Full Print Hoodie        ,//cdn.shopify.com/s/files/1/1801/9233/products/Batman_The_Fighter_Against_Strikes_Terror_Full_Print_Hoodie_1_512x.jpg?v=1546378621
          Vibrant Dope Mad Pyscho Joker Design Full Print Hoodie        ,//cdn.shopify.com/s/files/1/1801/9233/products/Vibrant_Dope_Mad_Pyscho_Joker_Design_Full_Print_Hoodie_35_512x.jpg?v=1546300572
          The Unpredictable Wicked Joker Design Full Print Hoodie        ,//cdn.shopify.com/s/files/1/1801/9233/products/The_Unpredictable_Wicked_Joker_Design_Full_Print_Hoodie_41_512x.jpg?v=1546300581
          The Thoughtless Insidious Joker Design Full Print Hoodie        ,//cdn.shopify.com/s/files/1/1801/9233/products/The_Thoughtless_Insidious_Joker_Design_Full_Print_Hoodie_45_512x.jpg?v=1546300615
          The Smile Of Insane Clown Joker Design Full Print Hoodie        ,//cdn.shopify.com/s/files/1/1801/9233/products/The_Smile_Of_Insane_Clown_Joker_Design_Full_Print_Hoodie_49_512x.jpg?v=1546300628
          The Mischievous Brutal Joker Design Full Print Hoodie        ,//cdn.shopify.com/s/files/1/1801/9233/products/The_Mischievous_Brutal_Joker_Design_Full_Print_Hoodie_43_512x.jpg?v=1546378679
          The Malicious Killer Joker Design Full Print Hoodie        ,//cdn.shopify.com/s/files/1/1801/9233/products/The_Malicious_Killer_Joker_Design_Full_Print_Hoodie_37_512x.jpg?v=1546300638
          The Mad Evil Face Of Joker Design Full Print Hoodie        ,//cdn.shopify.com/s/files/1/1801/9233/products/The_Mad_Evil_Face_Of_Joker_Design_Full_Print_Hoodie_55_512x.jpg?v=1546300541
          The Mad Badass Joker Black Design Full Print Hoodie        ,//cdn.shopify.com/s/files/1/1801/9233/products/The_Mad_Badass_Joker_Black_Design_Full_Print_Hoodie_11_512x.jpg?v=1546300560
          The Irrational Joker Face Design Full Print Hoodie        ,//cdn.shopify.com/s/files/1/1801/9233/products/The_Irrational_Joker_Face_Design_Full_Print_Hoodie_17_512x.jpg?v=1546378633
          The Ill-Tempered Harsh Joker Design Full Print Hoodie        ,//cdn.shopify.com/s/files/1/1801/9233/products/The_Ill-Tempered_Harsh_Joker_Design_Full_Print_Hoodie_29_512x.jpg?v=1540889389
          The Homicidal Psychopath Joker Design Full Print Hoodie        ,//cdn.shopify.com/s/files/1/1801/9233/products/The_Homicidal_Psychopath_Joker_Design_Full_Print_Hoodie_59_512x.jpg?v=1546300662
          The Freakin Badass Joker Design Full Print Hoodie        ,//cdn.shopify.com/s/files/1/1801/9233/products/The_Freakin_Badass_Joker_Design_Full_Print_Hoodie_57_512x.jpg?v=1546300598
          The Freakin Badass Joker Bloody Design Full Print Hoodie        ,//cdn.shopify.com/s/files/1/1801/9233/products/The_Freakin_Badass_Joker_Bloody_Design_Full_Print_Hoodie_23_512x.jpg?v=1546300594
          The Fatal Smile Of Joker Unique Design Full Print Hoodie        ,//cdn.shopify.com/s/files/1/1801/9233/products/The_Fatal_Smile_Of_Joker_Unique_Design_Full_Print_Hoodie_47_512x.jpg?v=1546300655
          The Exhausted Weary Joker Dark Design Full Print Hoodie        ,//cdn.shopify.com/s/files/1/1801/9233/products/The_Exhausted_Weary_Joker_Dark_Design_Full_Print_Hoodie_27_512x.jpg?v=1546300652
          The Devil's Advocate Joker Design Full Print Hoodie        ,//cdn.shopify.com/s/files/1/1801/9233/products/The_Devil_s_Advocate_Joker_Design_Full_Print_Hoodie_39_512x.jpg?v=1546300617
          The Devilish Look Of Joker Design Full Print Hoodie        ,//cdn.shopify.com/s/files/1/1801/9233/products/The_Devilish_Look_Of_Joker_Design_Full_Print_Hoodie_25_512x.jpg?v=1546300653
          The Crazy Ridiculous Joker Face Design Full Print Hoodie        ,//cdn.shopify.com/s/files/1/1801/9233/products/The_Crazy_Ridiculous_Joker_Face_Design_Full_Print_Hoodie_51_512x.jpg?v=1546300593
          The Cold-Blooded Supervillain Joker Design Full Print Hoodie        ,//cdn.shopify.com/s/files/1/1801/9233/products/The_Cold-Blooded_Supervillain_Joker_Design_Full_Print_Hoodie_21_512x.jpg?v=1546378596
          The Clown At Midnight Joker Design Full Print Hoodie        ,//cdn.shopify.com/s/files/1/1801/9233/products/The_Clown_At_Midnight_Joker_Design_Full_Print_Hoodie_7_512x.jpg?v=1546300561
          Miserable Empty Life Of Joker Design Full Print Hoodie        ,//cdn.shopify.com/s/files/1/1801/9233/products/Miserable_Empty_Life_Of_Joker_Design_Full_Print_Hoodie_13_512x.jpg?v=1546300607
          Joker The Curious Mischievous Clown Full Print Hoodie        ,//cdn.shopify.com/s/files/1/1801/9233/products/Joker_The_Curious_Mischievous_Clown_Full_Print_Hoodie_9_512x.jpg?v=1546300558
          Joker Sent To Arkham Asylum Design Full Print Hoodie        ,//cdn.shopify.com/s/files/1/1801/9233/products/Joker_Sent_To_Arkham_Asylum_Design_Full_Print_Hoodie_33_512x.jpg?v=1546300626
          Joker Razor-Tipped Playing Cards Design Full Print Hoodie        ,//cdn.shopify.com/s/files/1/1801/9233/products/Joker_Razor-Tipped_Playing_Cards_Design_Full_Print_Hoodie_19_512x.jpg?v=1546300570
          DC Comics Joker Optical Illusion Design Full Print Hoodie        ,//cdn.shopify.com/s/files/1/1801/9233/products/DC_Comics_Joker_Optical_Illusion_Design_Full_Print_Hoodie_5_512x.jpg?v=1546300616
          DC Comics Joker Afraid With Batman Design Full Print Hoodie        ,//cdn.shopify.com/s/files/1/1801/9233/products/DC_Comics_Joker_Afraid_With_Batman_Design_Full_Print_Hoodie_3_512x.jpg?v=1546378606
          Dark Knight Joker Painted Creepy Face Vintage Hoodie        ,//cdn.shopify.com/s/files/1/1801/9233/products/Dark_Knight_Joker_Painted_Creepy_Face_Vintage_Hoodie_1-min_512x.jpg?v=1546300616
          Batman V Joker Face Off Cool Design Full Print Hoodie        ,//cdn.shopify.com/s/files/1/1801/9233/products/Batman_V_Joker_Face_Off_Cool_Design_Full_Print_Hoodie_53_512x.jpg?v=1546300580
          The Wicked Black Superman Dark Design Full Print Hoodie        ,//cdn.shopify.com/s/files/1/1801/9233/products/The_Wicked_Black_Superman_Dark_Design_Full_Print_Hoodie_33_512x.jpg?v=1546378559
          The Strong Striking Superman Design Full Print Hoodie        ,//cdn.shopify.com/s/files/1/1801/9233/products/The_Strong_Striking_Superman_Design_Full_Print_Hoodie_25_512x.jpg?v=1546300644
          The Marvelous Superman Portrait Design Full Print Hoodie        ,//cdn.shopify.com/s/files/1/1801/9233/products/The_Marvelous_Superman_Portrait_Design_Full_Print_Hoodie_35_512x.jpg?v=1546378572
          The Great Superman In the Universe Design Full Print Hoodie        ,//cdn.shopify.com/s/files/1/1801/9233/products/The_Great_Superman_In_the_Universe_Design_Full_Print_Hoodie_29_512x.jpg?v=1546300575
          The Aggressive Superman Impression Design Full Print Hoodie        ,//cdn.shopify.com/s/files/1/1801/9233/products/The_Aggressive_Superman_Impression_Design_Full_Print_Hoodie_21_512x.jpg?v=1546300561
          Superman Wide Chest Cool Comic Design Full Print Hoodie        ,//cdn.shopify.com/s/files/1/1801/9233/products/Superman_Wide_Chest_Cool_Comic_Design_Full_Print_Hoodie_27_512x.jpg?v=1546378577
          Superman Super Colors Vibrant Design Full Print Hoodie        ,//cdn.shopify.com/s/files/1/1801/9233/products/Superman_Super_Colors_Vibrant_Design_Full_Print_Hoodie_23_512x.jpg?v=1546300539
          Superman Stunning Metaphor Design Full Print Hoodie        ,//cdn.shopify.com/s/files/1/1801/9233/products/Superman_Stunning_Metaphor_Design_Full_Print_Hoodie_3_512x.jpg?v=1546300645
          Superman Is On Fire Unique Design Full Print Hoodie        ,//cdn.shopify.com/s/files/1/1801/9233/products/Superman_Is_On_Fire_Unique_Design_Full_Print_Hoodie_7_512x.jpg?v=1546300628
          Glowing Superman Cool Blue Red Design Full Print Hoodie        ,//cdn.shopify.com/s/files/1/1801/9233/products/Glowing_Superman_Cool_Blue_Red_Design_Full_Print_Hoodie_5_512x.jpg?v=1546300569
          DC Comics The Good-Looking Superman Design Full Print Hoodie        ,//cdn.shopify.com/s/files/1/1801/9233/products/DC_Comics_The_Good-Looking_Superman_Design_Full_Print_Hoodie_37_512x.jpg?v=1546300652
          DC Comics Superman Super Power Design Full Print Hoodie        ,//cdn.shopify.com/s/files/1/1801/9233/products/DC_Comics_Superman_Super_Power_Design_Full_Print_Hoodie_19_512x.jpg?v=1546300641
          DC Comics Superman Signature Design Full Print Hoodie        ,//cdn.shopify.com/s/files/1/1801/9233/products/DC_Comics_Superman_Signature_Design_Full_Print_Hoodie_39_512x.jpg?v=1546378626
          DC Comics Superman Side View Design Full Print Hoodie        ,//cdn.shopify.com/s/files/1/1801/9233/products/DC_Comics_Superman_Side_View_Design_Full_Print_Hoodie_17_512x.jpg?v=1546300587
          DC Comics Superman In the Sky Design Full Print Hoodie        ,//cdn.shopify.com/s/files/1/1801/9233/products/DC_Comics_Superman_In_the_Sky_Design_Full_Print_Hoodie_13_512x.jpg?v=1546300545
          DC Comics Superman In Beast Mode Design Full Print Hoodie        ,//cdn.shopify.com/s/files/1/1801/9233/products/DC_Comics_Superman_In_Beast_Mode_Design_Full_Print_Hoodie_9_512x.jpg?v=1546300597
          DC Comics Fierce Superman Design Full Print Hoodie        ,//cdn.shopify.com/s/files/1/1801/9233/products/DC_Comics_Fierce_Superman_Design_Full_Print_Hoodie_11_512x.jpg?v=1546300546
          DC Comics American Superhero Superman Full Print Hoodie        ,//cdn.shopify.com/s/files/1/1801/9233/products/DC_Comics_American_Superhero_Superman_Full_Print_Hoodie_1_512x.jpg?v=1546378592
          Action Comics Superman On The Way Design Full Print Hoodie        ,//cdn.shopify.com/s/files/1/1801/9233/products/Action_Comics_Superman_On_The_Way_Design_Full_Print_Hoodie_31_512x.jpg?v=1546300635
          Amazing Spiderman Broken Glass Scratch 3D Print Hoodie        ,//cdn.shopify.com/s/files/1/1801/9233/products/53-Amazing_Spiderman_Broken_Glass_Scratch_3D_Print_Hoodie_1_512x.jpg?v=1546300571
          Spiderman Web Pull Dark 3D Print Hoodie        ,//cdn.shopify.com/s/files/1/1801/9233/products/51-Spiderman_Web_Pull_Dark_3D_Print_Hoodie_1_512x.jpg?v=1546300595
          Amazing Spiderman Scratched Cityscape Print Hoodie        ,//cdn.shopify.com/s/files/1/1801/9233/products/49-Amazing_Spiderman_Scratched_Cityscape_Print_Hoodie_1_512x.jpg?v=1546378665
          Spiderman Nightime Moon 3D Print Hoodie        ,//cdn.shopify.com/s/files/1/1801/9233/products/47-Spiderman_Nightime_Moon_3D_Print_Hoodie_1_512x.jpg?v=1546300573
          Spiderman Venom Villain Dope Print Hoodie        ,//cdn.shopify.com/s/files/1/1801/9233/products/45-Spiderman_Venom_Villain_Dope_Print_Hoodie_1_512x.jpg?v=1546300599
          Spiderman Melting Disintegration 3D Print Hoodie        ,//cdn.shopify.com/s/files/1/1801/9233/products/43-Spiderman_Melting_Disintegration_3D_Print_Hoodie_1_512x.jpg?v=1546300572
          Superior Spiderman Dope White 3D Print Hoodie        ,//cdn.shopify.com/s/files/1/1801/9233/products/41-Superior_Spiderman_Dope_White_3D_Print_Hoodie_1_512x.jpg?v=1546300570
          Spiderman Web Shooter Cityscape Daylight 3D Print Hoodie        ,//cdn.shopify.com/s/files/1/1801/9233/products/39-Spiderman_Web_Shooter_Cityscape_Daylight_3D_Print_Hoodie_1_512x.jpg?v=1546300610
          Spiderman Web Comic Art Black Hoodie        ,//cdn.shopify.com/s/files/1/1801/9233/products/37-Spiderman_Web_Comic_Art_Black_Hoodie_1_512x.jpg?v=1546300553
          Spiderman Robot Comic Art 3D Print Hoodie        ,//cdn.shopify.com/s/files/1/1801/9233/products/35-Spiderman_Robot_Comic_Art_3D_Print_Hoodie_1_512x.jpg?v=1546300565
          Spiderman Half Dark Spiderman Two Sides 3D Print Hoodie        ,//cdn.shopify.com/s/files/1/1801/9233/products/33-Spiderman_Half_Dark_Spiderman_Two_Sides_3D_Print_Hoodie_1_512x.jpg?v=1546300535
          Spiderman Venom Web Villain Fight Print Hoodie        ,//cdn.shopify.com/s/files/1/1801/9233/products/31-Spiderman_Venom_Web_Villain_Fight_Print_Hoodie_1_512x.jpg?v=1546300579
          Spiderman Web Shooting Smoke 3D Print Hoodie        ,//cdn.shopify.com/s/files/1/1801/9233/products/29-Spiderman_Web_Shooting_Smoke_3D_Print_Hoodie_1_512x.jpg?v=1546300645
          Spiderman Venom Marvel Comic Print Hoodie        ,//cdn.shopify.com/s/files/1/1801/9233/products/27-Spiderman_Venom_Marvel_Comic_Print_Hoodie_1_512x.jpg?v=1546300586
          Dark Spiderman Monochrome Building Print Hoodie        ,//cdn.shopify.com/s/files/1/1801/9233/products/25-Dark_Spiderman_Monochrome_Building_Print_Hoodie_1_512x.jpg?v=1538722133
          Dark Spiderman Badass Red Print Hoodie        ,//cdn.shopify.com/s/files/1/1801/9233/products/23-Dark_Spiderman_Badass_Red_Print_Hoodie_1_512x.jpg?v=1546300650
          Spiderman Half Kaine Two Sides Print Hoodie        ,//cdn.shopify.com/s/files/1/1801/9233/products/21-Spiderman_Half_Kaine_Two_Sides_Print_Hoodie_1_512x.jpg?v=1546300583
          Spiderman Logo Dark Red Black Print Hoodie        ,//cdn.shopify.com/s/files/1/1801/9233/products/19-Spiderman_Logo_Dark_Red_Black_Print_Hoodie_1_512x.jpg?v=1546300555
          Spiderman Unmasked Cityscape Daylight Print Hoodie        ,//cdn.shopify.com/s/files/1/1801/9233/products/17-Spiderman_Unmasked_Cityscape_Daylight_Print_Hoodie_1_512x.jpg?v=1546300661
          Spiderman Classic Movie Symbol Print Hoodie        ,//cdn.shopify.com/s/files/1/1801/9233/products/15-Spiderman_Classic_Movie_Symbol_Print_Hoodie_1_512x.jpg?v=1546300591
          Spiderman Web Shooter Comic Art Print Hoodie        ,//cdn.shopify.com/s/files/1/1801/9233/products/13-Spiderman_Web_Shooter_Comic_Art_Print_Hoodie_1_512x.jpg?v=1546300547
          Spiderman Cool Web Shooter Night Time Print Hoodie        ,//cdn.shopify.com/s/files/1/1801/9233/products/11-_Spiderman_Cool_Web_Shooter_Night_Time_Print_Hoodie_1_512x.jpg?v=1546300546
          Black Spiderman Lonely In The Rain Cool Style Winter Hoodie        ,//cdn.shopify.com/s/files/1/1801/9233/products/7_Black_Spiderman_Lonely_In_The_Rain_Cool_Style_Winter_Hoodie-min_512x.jpg?v=1546300646
          Spiderman Hanging Upside Down Dope Style 3D Print Hoodie        ,//cdn.shopify.com/s/files/1/1801/9233/products/5_Spiderman_Hanging_Upside_Down_Dope_Style_3D_Print_Hoodie-min_512x.jpg?v=1546300560
          Spiderman 2099 Amazing Muscle Portrait Full Print Hoodie        ,//cdn.shopify.com/s/files/1/1801/9233/products/3_Spiderman_2099_Amazing_Muscle_Portrait_Full_Print_Hoodie-min_512x.jpg?v=1546378573
          Spiderman Classic Symbol Backside Full Print Vibrant Hoodie        ,//cdn.shopify.com/s/files/1/1801/9233/products/1_Spiderman_Classic_Symbol_Backside_Full_Print_Vibrant_Hoodie-min_512x.jpg?v=1546300573
          The Strong Dope Spider-Man Full Print Design Cool Hoodie        ,//cdn.shopify.com/s/files/1/1801/9233/products/The_Strong_Dope_Spider-Man_Full_Print_Design_Cool_Hoodie_13_512x.jpg?v=1546300570
          The Spider-Man Power Net Sign Full Print Design Hoodie        ,//cdn.shopify.com/s/files/1/1801/9233/products/The_Spider-Man_Power_Net_Sign_Full_Print_Design_Hoodie_15_512x.jpg?v=1546300616
          The Spider-Man Ability Style Full Print Design Hoodie        ,//cdn.shopify.com/s/files/1/1801/9233/products/The_Spider-Man_Ability_Style_Full_Print_Design_Hoodie_17_512x.jpg?v=1546300593
          The Look At Spider-Man View Design Full Print Design Hoodie        ,//cdn.shopify.com/s/files/1/1801/9233/products/The_Look_At_Spider-Man_View_Design_Full_Print_Design_Hoodie_19_512x.jpg?v=1546378609
          The Itsy Bitsy Spider Design Red Full Print Dope Hoodie        ,//cdn.shopify.com/s/files/1/1801/9233/products/The_Itsy_Bitsy_Spider_Design_Red_Full_Print_Dope_Hoodie_9_512x.jpg?v=1546300606
          The Fierce Spider-Man 3D Design Cool Hoodie        ,//cdn.shopify.com/s/files/1/1801/9233/products/The_Fierce_Spider-Man_3D_Design_Cool_Hoodie_1_512x.JPG?v=1546378550
          The Cool Spider-Man Close-Up Print Design Dope Hoodie        ,//cdn.shopify.com/s/files/1/1801/9233/products/The_Cool_Spider-Man_Close-Up_Print_Design_Dope_Hoodie_7_512x.JPG?v=1546300569
          Spider-Man Super Strength 3D Design Full Print Hoodie        ,//cdn.shopify.com/s/files/1/1801/9233/products/Spider-Man_Super_Strength_3D_Design_Full_Print_Hoodie_27_512x.jpg?v=1546300648
          Spider-Man Rotate Mode Full Print Design Cool Hoodie        ,//cdn.shopify.com/s/files/1/1801/9233/products/Spider-Man_Rotate_Mode_Full_Print_Design_Cool_Hoodie_3_512x.JPG?v=1546300638
          Spider-Man Enemy Carnage Design Full Print Cool Hoodie        ,//cdn.shopify.com/s/files/1/1801/9233/products/Spider-Man_Enemy_Carnage_Design_Full_Print_Cool_Hoodie_29_512x.jpg?v=1546378578
          Spider-Man And The Villains Design Full Print Design Hoodie        ,//cdn.shopify.com/s/files/1/1801/9233/products/Spider-Man_And_The_Villains_Design_Full_Print_Design_Hoodie_21_512x.jpg?v=1546300577
          Cool Spider-Man Wall Clinging Design Full Print Hoodie        ,//cdn.shopify.com/s/files/1/1801/9233/products/Cool_Spider-Man_Wall_Clinging_Design_Full_Print_Hoodie_23_512x.jpg?v=1546300641
          Animated Spider-Man Power Net Design Full Print Hoodie        ,//cdn.shopify.com/s/files/1/1801/9233/products/Animated_Spider-Man_Power_Net_Design_Full_Print_Hoodie_25_512x.jpg?v=1546300580
          The Iron Man's Power Arc Reactor Full Print Hoodie        ,//cdn.shopify.com/s/files/1/1801/9233/products/The_Iron_Man_s_Power_Arc_Reactor_Full_Print_Hoodie_01_512x.jpg?v=1546300569
          Powered Exoskeleton Iron Man Unique Full Print Hoodie        ,//cdn.shopify.com/s/files/1/1801/9233/products/Powered_Exoskeleton_Iron_Man_Unique_Full_Print_Hoodie_01_512x.jpg?v=1546300632
          Marvel Comics Two Iron Man Unique Design Full Print Hoodie        ,//cdn.shopify.com/s/files/1/1801/9233/products/Marvel_Comics_Two_Iron_Man_Unique_Design_Full_Print_Hoodie_512x.jpg?v=1546378626
          Marvel Comics The Sturdy Iron Man Full Print Hoodie        ,//cdn.shopify.com/s/files/1/1801/9233/products/Marvel_Comics_The_Sturdy_Iron_Man_Full_Print_Hoodie_01_512x.jpg?v=1546300599
          Marvel Comics The One Eye Iron Man Style Print Hoodie        ,//cdn.shopify.com/s/files/1/1801/9233/products/Marvel_Comics_The_One_Eye_Iron_Man_Style_Print_Hoodie_01_512x.jpg?v=1546300572
          Marvel Comics The Intense Iron Man Full Print Hoodie        ,//cdn.shopify.com/s/files/1/1801/9233/products/Marvel_Comics_The_Intense_Iron_Man_Full_Print_Hoodie_01_512x.jpg?v=1546300640
          Marvel Comics The Fierce Iron Man Full Print Hoodie        ,//cdn.shopify.com/s/files/1/1801/9233/products/Marvel_Comics_The_Fierce_Iron_Man_Full_Print_Hoodie_01_512x.jpg?v=1546300601
          Marvel Comics The Fearless Iron Man Full Print Hoodie        ,//cdn.shopify.com/s/files/1/1801/9233/products/Marvel_Comics_The_Fearless_Iron_Man_Full_Print_Hoodie_01_512x.JPG?v=1546300608
          Marvel Comics Soar High Iron Man Full Print Hoodie        ,//cdn.shopify.com/s/files/1/1801/9233/products/Marvel_Comics_Soar_High_Iron_Man_Full_Print_Hoodie_01_512x.jpg?v=1546300559
          Marvel Comics Powerful Iron Man Style Full Print Hoodie        ,//cdn.shopify.com/s/files/1/1801/9233/products/Marvel_Comics_Powerful_Iron_Man_Style_Full_Print_Hoodie_01_512x.jpg?v=1546300619
          Marvel Comics Philanthropist Tony Stark  Full Print Hoodie        ,//cdn.shopify.com/s/files/1/1801/9233/products/Marvel_Comics_Philanthropist_Tony_Stark_Full_Print_Hoodie_01_512x.jpg?v=1546300605
          Marvel Comics Iron Man's Power Show Full Print Hoodie        ,//cdn.shopify.com/s/files/1/1801/9233/products/Marvel_Comics_Iron_Man_s_Power_Show_Full_Print_Hoodie_01_512x.jpg?v=1546300564
          Marvel Comics Iron Man Portrait Style Full Print Hoodie        ,//cdn.shopify.com/s/files/1/1801/9233/products/Marvel_Comics_Iron_Man_Portrait_Style_Full_Print_Hoodie_01_512x.jpg?v=1546378636
          Marvel Comics Iron Man Mask Melting Full Print Hoodie        ,//cdn.shopify.com/s/files/1/1801/9233/products/Marvel_Comics_Iron_Man_Mask_Melting_Full_Print_Hoodie_01_512x.jpg?v=1546300606
          Marvel Comics Iron Man In Rush Attack Full Print Hoodie        ,//cdn.shopify.com/s/files/1/1801/9233/products/Marvel_Comics_Iron_Man_In_Rush_Attack_Full_Print_Hoodie_01_512x.jpg?v=1546300584
          Marvel Comics Indestructible Iron Man Full Print Hoodie        ,//cdn.shopify.com/s/files/1/1801/9233/products/Marvel_Comics_Indestructible_Iron_Man_Full_Print_Hoodie_01_512x.jpg?v=1538470677
          Marvel Comics Forceful Iron Man Unique White Print Hoodie        ,//cdn.shopify.com/s/files/1/1801/9233/products/Marvel_Comics_Forceful_Iron_Man_Unique_White_Print_Hoodie_01_512x.jpg?v=1546300578
          Iron Man's Power Portrait Dark Style Full Print Hoodie        ,//cdn.shopify.com/s/files/1/1801/9233/products/Iron_Man_s_Power_Portrait_Dark_Style_Full_Print_Hoodie_01_512x.jpg?v=1546300601
          Iron Man Superhero Fly Over The Sea Full Print Hoodie        ,//cdn.shopify.com/s/files/1/1801/9233/products/Iron_Man_Superhero_Fly_Over_The_Sea_Full_Print_Hoodie_01_512x.jpg?v=1546300555
          Wonder Woman Superhero Warner Bros Fighting Cool Hoodie        ,//cdn.shopify.com/s/files/1/1801/9233/products/Wonder_Woman_Superhero_Warner_Bros_Fighting_Cool_Hoodie_1_512x.jpg?v=1536047182
          Wonder Woman Superhero Standing In Falls With Shield Hoodie        ,//cdn.shopify.com/s/files/1/1801/9233/products/Wonder_Woman_Superhero_Standing_In_Falls_With_Shield_Hoodie_1_512x.jpg?v=1546220163
          Wonder Woman Superhero Pastel Blue And Pink Star Hoodie        ,//cdn.shopify.com/s/files/1/1801/9233/products/Wonder_Woman_Superhero_Pastel_Blue_And_Pink_Star_Hoodie_1_512x.jpg?v=1546220327
          Wonder Woman Standing Brave Gal Gadot Holding Sword Hoodie        ,//cdn.shopify.com/s/files/1/1801/9233/products/Wonder_Woman_Standing_Brave_Gal_Gadot_Holding_Sword_Hoodie_1_512x.jpg?v=1536046508
          Wonder Woman Running Powerful Golden Bracelet Amazing Hoodie        ,//cdn.shopify.com/s/files/1/1801/9233/products/Wonder_Woman_Running_Powerful_Golden_Bracelet_Amazing_Hoodie_1_512x.jpg?v=1546378355
          Wonder Woman Powerful Golden Lasso Black Amazing Hoodie        ,//cdn.shopify.com/s/files/1/1801/9233/products/Wonder_Woman_Powerful_Golden_Lasso_Black_Amazing_Hoodie_1_512x.jpg?v=1546300233
          Wonder Woman Crayon Drawing Art Design White Cool Hoodie        ,//cdn.shopify.com/s/files/1/1801/9233/products/Wonder_Woman_Crayon_Drawing_Art_Design_White_Cool_Hoodie_1_512x.jpg?v=1546220196
          Triggered Captain America Civil War Fighting Cool Hoodie        ,//cdn.shopify.com/s/files/1/1801/9233/products/Triggered_Captain_America_Civil_War_Fighting_Cool_Hoodie_1_512x.JPG?v=1546300283
          Real Brave Captain America On Fight Scene Yellow Hoodie        ,//cdn.shopify.com/s/files/1/1801/9233/products/Real_Brave_Captain_America_On_Fight_Scene_Yellow_Hoodie_1_512x.jpg?v=1534490622
          Marvel Comics Captain America Vs Thor Cool Hoodie        ,//cdn.shopify.com/s/files/1/1801/9233/products/Marvel_Comics_Captain_America_Vs_Thor_Cool_Hoodie_1_512x.jpg?v=1546220287
          Marvel Captain America Holding the American Flag Hoodie        ,//cdn.shopify.com/s/files/1/1801/9233/products/Marvel_Captain_America_Holding_the_American_Flag_Hoodie_1_512x.jpg?v=1546220160
          Chris Evans Captain America Realistic Portrait Hoodie        ,//cdn.shopify.com/s/files/1/1801/9233/products/Chris_Evans_Captain_America_Realistic_Portrait_Hoodie_1_512x.jpg?v=1546300359
          Cartoonized Captain America On Glowing Background Hoodie        ,//cdn.shopify.com/s/files/1/1801/9233/products/Cartoonized_Captain_America_On_Glowing_Background_Hoodie_1_512x.jpg?v=1546220320
          Captain America Vs Ironman on White Full Print Hoodie        ,//cdn.shopify.com/s/files/1/1801/9233/products/Captain_America_Vs_Ironman_on_White_Full_Print_Hoodie_1_512x.jpg?v=1546220164
          Captain America Vintage Side Pose Cool Portrait Hoodie        ,//cdn.shopify.com/s/files/1/1801/9233/products/Captain_America_Vintage_Side_Pose_Cool_Portrait_Hoodie_1_512x.jpg?v=1546300232
          Captain America Standing With His Shield Awesome Hoodie        ,//cdn.shopify.com/s/files/1/1801/9233/products/Captain_America_Standing_With_His_Shield_White_Hoodie_1_512x.jpg?v=1546300437
          Captain America Side Pose With His Shield Cool Gray Hoodie        ,//cdn.shopify.com/s/files/1/1801/9233/products/Captain_America_Side_Pose_With_His_Shield_Cool_Gray_Hoodie_1_512x.JPG?v=1546220159
          Captain America Powerful Shield 3D Full Print Hoodie        ,//cdn.shopify.com/s/files/1/1801/9233/products/Captain_America_Powerful_Shield_3D_Full_Print_Hoodie_1_512x.jpg?v=1546220283
          Captain America Close Up Paint Art Design Full Print Hoodie        ,//cdn.shopify.com/s/files/1/1801/9233/products/Captain_America_Close_Up_Paint_Art_Design_Full_Print_Hoodie_1_512x.jpg?v=1546300255
          Captain America 3D Realistic Print On White Hoodie        ,//cdn.shopify.com/s/files/1/1801/9233/products/Captain_America_3D_Realistic_Print_On_White_Hoodie_1_512x.jpg?v=1546220253
          Wonder Woman Beautiful Gal Gadot Realistic 3D Print Hoodie        ,//cdn.shopify.com/s/files/1/1801/9233/products/Wonder_Woman_Beautiful_Gal_Gadot_Realistic_3D_Print_Hoodie_1_512x.jpg?v=1533632282
          Salvage By Enemy Wonder Woman DC Comics Superhero Hoodie        ,//cdn.shopify.com/s/files/1/1801/9233/products/Salvage_By_Enemy_Wonder_Woman_DC_Comics_Superhero_Hoodie_1_512x.jpg?v=1546220158
          DC Comics Wonder Woman Standing Silhouette Sunset Sky Hoodie        ,//cdn.shopify.com/s/files/1/1801/9233/products/DC_Comics_Wonder_Woman_Standing_Silhouette_Sunset_Sky_Hoodie_1_512x.jpg?v=1533627773
          DC Comics Wonder Woman Gal Gadot Standing Fierce Cool Hoodie        ,//cdn.shopify.com/s/files/1/1801/9233/products/DC_Comics_Wonder_Woman_Gal_Gadot_Standing_Fierce_Cool_Hoodie_1_512x.jpg?v=1546220220
          DC Comics Sexy Wonder Woman Golden Lasso Light Blue Hoodie        ,//cdn.shopify.com/s/files/1/1801/9233/products/DC_Comics_Sexy_Wonder_Woman_Golden_Lasso_Light_Blue_Hoodie_1_512x.jpg?v=1546300329
          DC Comics Fierce Wonder Woman Golden Lasso Amazing Hoodie        ,//cdn.shopify.com/s/files/1/1801/9233/products/DC_Comics_Fierce_Wonder_Woman_Golden_Lasso_Amazing_Hoodie_1_512x.jpg?v=1533627123
          Daring Wonder Woman 3D Animated Print On Sunset Pose Hoodie        ,//cdn.shopify.com/s/files/1/1801/9233/products/Daring_Wonder_Woman_3D_Animated_Print_On_Sunset_Pose_Hoodie_1_512x.jpg?v=1546300276
          Beautiful Gal Gadot Wonder Woman Holding Golden Lasso Hoodie        ,//cdn.shopify.com/s/files/1/1801/9233/products/Beautiful_Gal_Gadot_Wonder_Woman_Holding_Golden_Lasso_Hoodie_1_512x.jpg?v=1546300437
          Thor Marvel Real Style Sunny Super Cool Impressive Hoodie        ,//cdn.shopify.com/s/files/1/1801/9233/products/Thor_Marvel_Real_Style_Sunny_Super_Cool_Impressive_Hoodie_1-min_512x.jpg?v=1546220308
          Thor Marvel Angry Mjolnir Fighting In Snowy Cool Hoodie        ,//cdn.shopify.com/s/files/1/1801/9233/products/Thor_Marvel_Angry_Mjolnir_Fighting_In_Snowy_Cool_Hoodie_1-min_512x.jpg?v=1546378327
          Thor Marvel Angry Holding Mjolnir Hammer Portrait Hoodie        ,//cdn.shopify.com/s/files/1/1801/9233/products/Thor_Marvel_Angry_Holding_Mjolnir_Hammer_Portrait_Hoodie_1-min_512x.jpg?v=1546220272
          Thor Marvel Angry Fighting Mjolnir Lighting Portrait Hoodie        ,//cdn.shopify.com/s/files/1/1801/9233/products/Thor_Marvel_Angry_Fighting_Mjolnir_Lighting_Portrait_Hoodie_1-min_512x.jpg?v=1546378294
          Thor Marvel Angry Face Fighting Mjolnir Impressive Hoodie        ,//cdn.shopify.com/s/files/1/1801/9233/products/Thor_Marvel_Angry_Face_Fighting_Mjolnir_Impressive_Hoodie_1-min_512x.jpg?v=1546300275
          Thor Avengers Super Cool Style Real Standing Mjolnir Hoodie        ,//cdn.shopify.com/s/files/1/1801/9233/products/Thor_Avengers_Super_Cool_Style_Real_Standing_Mjolnir_Hoodie_1-min_512x.jpg?v=1546220320
          Thor Avengers Super Angry Comic Style With Mjolnir Hoodie        ,//cdn.shopify.com/s/files/1/1801/9233/products/Thor_Avengers_Super_Angry_Comic_Style_With_Mjolnir_Hoodie_1-min_512x.jpg?v=1546300454
          Thor Avengers Marvel Real Mjolnir Hammer Cool Light Hoodie        ,//cdn.shopify.com/s/files/1/1801/9233/products/Thor_Avengers_Marvel_Real_Mjolnir_Hammer_Cool_Light_Hoodie_1-min_512x.jpg?v=1546220324
          Thor Avengers Marvel Holding Mjolnir Thunder Cool Hoodie        ,//cdn.shopify.com/s/files/1/1801/9233/products/Thor_Avengers_Marvel_Holding_Mjolnir_Thunder_Cool_Hoodie_1-min_512x.jpg?v=1546220182
          Thor Avengers Marvel Fighting Mjolnir Comic Nice Hoodie        ,//cdn.shopify.com/s/files/1/1801/9233/products/Thor_Avengers_Marvel_Fighting_Mjolnir_Comic_Nice_Hoodie_1-min_512x.jpg?v=1546300286
          Thor Avengers Marvel Comic The Dark World Mjolnir Hoodie        ,//cdn.shopify.com/s/files/1/1801/9233/products/Thor_Avengers_Marvel_Comic_The_Dark_World_Mjolnir_Hoodie_1-min_512x.jpg?v=1533106543
          Thor Avengers Flying Comic Style With Mjolnir Sky Hoodie        ,//cdn.shopify.com/s/files/1/1801/9233/products/Thor_Avengers_Flying_Comic_Style_With_Mjolnir_Sky_Hoodie_1-min_512x.jpg?v=1532682056
          White Spider-Man Super Hero 3D Cosplay Black Zip Up Hoodie        ,//cdn.shopify.com/s/files/1/1801/9233/products/05-min_3524758a-deaf-4eca-9e09-c154d3d86b26_512x.png?v=1546298029
          The Flash Superhero 3D Cosplay Red Zip Up Hoodie        ,//cdn.shopify.com/s/files/1/1801/9233/products/05_d82d6709-5c70-47ac-81a5-6f95679db26b_512x.png?v=1546298024
          Spider-Man Hiding in Black 3D Cosplay Zip Up Hoodie        ,//cdn.shopify.com/s/files/1/1801/9233/products/06-min_55b2639e-834d-4347-8a98-e5b55e0850e3_512x.png?v=1546298095
          Red-Maroon The Flash Logo 3D Cosplay Zip Up Hoodies        ,//cdn.shopify.com/s/files/1/1801/9233/products/07_4f2378d3-2ae7-4346-84f1-3a0575663d43_512x.png?v=1546298022
          Powerful Spider-Man Hero 3D Cosplay On Black Zip Up Hoodie        ,//cdn.shopify.com/s/files/1/1801/9233/products/06-min_87c3af73-6085-4e32-b26a-11fff867e950_512x.png?v=1546298062
          Marvel Spider-Man Super Hero 3D Cosplay Red Zip Up Hoodie        ,//cdn.shopify.com/s/files/1/1801/9233/products/06-min_d87a6fa1-fe62-4f19-8c2e-ce23e46fe96d_512x.png?v=1546298038
          Marvel Iron Man Superhero 3D Cosplay Red Zip Up Hoodie        ,//cdn.shopify.com/s/files/1/1801/9233/products/05_-min_512x.png?v=1546297990
          Marvel Comics Captain America Hero 3D Cosplay Zip Up Hoodie        ,//cdn.shopify.com/s/files/1/1801/9233/products/05-min_e7100ea8-3b17-49ae-90cb-7954e87297d6_512x.png?v=1546298072
          DC Comics The Flash Hero 3D Cosplay Maroon Zip Up Hoodie        ,//cdn.shopify.com/s/files/1/1801/9233/products/05-min_3375995d-7035-4c82-9727-07de218652a2_512x.png?v=1546298082
          Civil War Captain America Hero 3D Cosplay Zip Up Hoodies        ,//cdn.shopify.com/s/files/1/1801/9233/products/01_-min_512x.png?v=1546297991
          Captain America Hero 3D Cosplay Navy Blue Zip Up Hoodie        ,//cdn.shopify.com/s/files/1/1801/9233/products/05-min_512x.png?v=1546297985
          Suicide Squad Harley Quinn Sitting Pose Full Print Hoodie        ,//cdn.shopify.com/s/files/1/1801/9233/products/Suicide_Squad_Harley_Quinn_Sitting_Pose_Full_Print_Hoodie_1_512x.jpg?v=1532503262
          Suicide Squad Harley Quinn Gun And Baseball Bat Cool Hoodie        ,//cdn.shopify.com/s/files/1/1801/9233/products/Suicide_Squad_Harley_Quinn_Gun_And_Baseball_Bat_Cool_Hoodie_1_512x.jpg?v=1546220167
          Suicide Squad Harley Quinn Blue Red Half Portrait Hoodie        ,//cdn.shopify.com/s/files/1/1801/9233/products/Suicide_Squad_Harley_Quinn_Blue_Red_Half_Portrait_Hoodie_1_512x.jpg?v=1546300274
          Standing Harley Quinn Holding Baseball Bat Cool Green Hoodie        ,//cdn.shopify.com/s/files/1/1801/9233/products/Standing_Harley_Quinn_Holding_Baseball_Bat_Cool_Green_Hoodie_1_512x.jpg?v=1546220264
          Harley Quinn Suicide Squad DC Comics Stolen Pose Hoodie        ,//cdn.shopify.com/s/files/1/1801/9233/products/Harley_Quinn_Suicide_Squad_DC_Comics_Stolen_Pose_Hoodie_1_512x.jpg?v=1532501418
          Harley Quinn Smiling Yellow Hair Suicide Squad Cool Hoodie        ,//cdn.shopify.com/s/files/1/1801/9233/products/Harley_Quinn_Smiling_Yellow_Hair_Suicide_Squad_Cool_Hoodie_1_512x.jpg?v=1546378309
          Harley Quinn Sitting With Her Red Sneaker On Amazing Hoodie        ,//cdn.shopify.com/s/files/1/1801/9233/products/Harley_Quinn_Sitting_With_Her_Red_Sneaker_On_Amazing_Hoodie_1_512x.jpg?v=1546378347
          Harley Quinn Sexy Circus Clown Costume Black Hoodie        ,//cdn.shopify.com/s/files/1/1801/9233/products/Harley_Quinn_Sexy_Circus_Clown_Costume_Black_Hoodie_1_512x.jpg?v=1546220365
          Harley Quinn I Love Mr Joker Red Tattoo Cool Hoodie        ,//cdn.shopify.com/s/files/1/1801/9233/products/Harley_Quinn_I_Love_Mr_Joker_Red_Tattoo_Cool_Hoodie_1_512x.jpg?v=1546220350
          Harley Quinn Half Body Portrait 3D Cool Print Hoodie        ,//cdn.shopify.com/s/files/1/1801/9233/products/Harley_Quinn_Half_Body_Portrait_3D_Cool_Print_Hoodie_1_512x.jpg?v=1532498236
          Harley Quinn Full Face Animated Suicide Squad Hoodie        ,//cdn.shopify.com/s/files/1/1801/9233/products/Harley_Quinn_Full_Face_Animated_Suicide_Squad_Hoodie_1_512x.jpg?v=1546378302
          Harley Quinn Face Realistic Doodle Art Design Hoodie        ,//cdn.shopify.com/s/files/1/1801/9233/products/Harley_Quinn_Face_Realistic_Doodle_Art_Design_Hoodie_1_512x.jpg?v=1532497701
          Harley Quinn Daring Pose Suicide Squad 3D Cool Print Hoodie        ,//cdn.shopify.com/s/files/1/1801/9233/products/Harley_Quinn_Daring_Pose_Suicide_Squad_3D_Cool_Print_Hoodie_1_512x.jpg?v=1546220267
          Harley Quinn Beautiful Face Paint Design Suicide Squad Hoodie        ,//cdn.shopify.com/s/files/1/1801/9233/products/Harley_Quinn_Beautiful_Face_Paint_Design_Suicide_Squad_Hoodie_1_512x.jpg?v=1532496454
          Harley Quinn Back Posing Neon Night 3D Full Print Hoodie        ,//cdn.shopify.com/s/files/1/1801/9233/products/Harley_Quinn_Back_Posing_Neon_Night_3D_Full_Print_Hoodie_1_512x.jpg?v=1546220231
          Harley Quinn Animated Design Suicide Squad Cool Hoodie        ,//cdn.shopify.com/s/files/1/1801/9233/products/Harley_Quinn_Animated_Design_Suicide_Squad_Cool_Hoodie_1_512x.jpg?v=1532422608
          Harley Quinn And Joker Smiling Colorful Full Print Hoodie        ,//cdn.shopify.com/s/files/1/1801/9233/products/Harley_Quinn_And_Joker_Smiling_Colorful_Full_Print_Hoodie_1_512x.jpg?v=1546378307
          DC Comics Joker Harley Quinn Attacked On Dark Hoodie        ,//cdn.shopify.com/s/files/1/1801/9233/products/DC_Comics_Joker_Harley_Quinn_Attacked_On_Dark_Hoodie_1_512x.jpg?v=1546300273
          DC Comics Joker And Harley Quinn Character Print Black Hoodie        ,//cdn.shopify.com/s/files/1/1801/9233/products/DC_Comics_Joker_And_Harley_Quinn_Character_Print_Black_Hoodie_1_512x.jpg?v=1532421853
          DC Comics Harley Quinn Wearing Jacket On Red Hoodie        ,//cdn.shopify.com/s/files/1/1801/9233/products/DC_Comics_Harley_Quinn_Wearing_Jacket_On_Red_Hoodie_1_512x.jpg?v=1546300268
          DC Comics Harley Quinn Cracked Glass Suicide Squad 3D Hoodie        ,//cdn.shopify.com/s/files/1/1801/9233/products/DC_Comics_Harley_Quinn_Cracked_Glass_Suicide_Squad_3D_Hoodie_1_512x.jpg?v=1546300341
          Realistic Batman Portrait In Cool Full Print Black Hoodie        ,//cdn.shopify.com/s/files/1/1801/9233/products/Realistic_Batman_Portrait_In_Cool_Full_Print_Black_Hoodie_1_512x.jpg?v=1546220236
          Fierce Batman Face Shot Under The Rain Full Print Hoodie        ,//cdn.shopify.com/s/files/1/1801/9233/products/Fierce_Batman_Face_Shot_Under_The_Rain_Full_Print_Hoodie_1_512x.jpg?v=1546300278
          DC Comics Brave Batman The Dark Knight Full Print Hoodie        ,//cdn.shopify.com/s/files/1/1801/9233/products/DC_Comics_Brave_Batman_The_Dark_Knight_Full_Print_Hoodie_1_512x.jpg?v=1532187972
          DC Comics Batman The Dark Knight Thunderlight Hoodie        ,//cdn.shopify.com/s/files/1/1801/9233/products/DC_Comics_Batman_The_Dark_Knight_Thunderlight_Hoodie_1_512x.jpg?v=1532187967
          DC Comics Batman Hero Logo On The Moon Full Print Hoodie        ,//cdn.shopify.com/s/files/1/1801/9233/products/DC_Comics_Batman_Hero_Logo_On_The_Moon_Full_Print_Hoodie_1_512x.jpg?v=1532187961
          Cool Paint Art Design Batman Print On White Hoodie        ,//cdn.shopify.com/s/files/1/1801/9233/products/Cool_Paint_Art_Design_Batman_Print_On_White_Hoodie_1_512x.jpg?v=1532187908
          Cartoonized Batman Superhero Cool Full Print Hoodie        ,//cdn.shopify.com/s/files/1/1801/9233/products/Cartoonized_Batman_Superhero_Cool_Full_Print_Hoodie_1_512x.jpg?v=1532187869
          Batman With The Bats Silhouette On The Moon Full Print Hoodie        ,//cdn.shopify.com/s/files/1/1801/9233/products/Batman_With_The_Bats_Silhouette_On_The_Moon_Full_Print_Hoodie_1_512x.jpg?v=1532186764
          Batman Under The Moon With Bats And Night Blue Sea Hoodie        ,//cdn.shopify.com/s/files/1/1801/9233/products/Batman_Under_The_Moon_With_Bats_And_Night_Blue_Sea_Hoodie_1_512x.jpg?v=1532186754
          Batman The Black Mask Sorrow With People Full Print Hoodie        ,//cdn.shopify.com/s/files/1/1801/9233/products/Batman_The_Black_Mask_Sorrow_With_People_Full_Print_Hoodie_1_512x.jpg?v=1532186741
          Batman Superhero Silhouette On the Sunset Full Print Hoodie        ,//cdn.shopify.com/s/files/1/1801/9233/products/Batman_Superhero_Silhouette_On_the_Sunset_Full_Print_Hoodie_1_512x.jpg?v=1532186726
          Batman Standing Under The Thunderlight Full Print Hoodie        ,//cdn.shopify.com/s/files/1/1801/9233/products/Batman_Standing_Under_The_Thunderlight_Full_Print_Hoodie_1_512x.jpg?v=1532186720
          Batman Realistic Half Body Portrait Full Print Hoodie        ,//cdn.shopify.com/s/files/1/1801/9233/products/Batman_Realistic_Half_Body_Portrait_Full_Print_Hoodie_1_512x.jpg?v=1532186716
          Batman Hero Head Shot On The Dark Full Print Black Hoodie        ,//cdn.shopify.com/s/files/1/1801/9233/products/Batman_Hero_Head_Shot_On_The_Dark_Full_Print_Black_Hoodie_1_512x.jpg?v=1532186704
          Batman Character With Red Name Label Black Cool Print Hoodie        ,//cdn.shopify.com/s/files/1/1801/9233/products/Batman_Character_With_Red_Name_Label_Black_Cool_Print_Hoodie_512x.jpg?v=1532186698
          Batman Caught Up Fighting Under The Rain Full Print Hoodie        ,//cdn.shopify.com/s/files/1/1801/9233/products/Batman_Caught_Up_Fighting_Under_The_Rain_Full_Print_Hoodie_1_512x.jpg?v=1532186689
          Batman And The Villain In One Face Full Print Gray Hoodie        ,//cdn.shopify.com/s/files/1/1801/9233/products/Batman_And_The_Villain_In_One_Face_Full_Print_Gray_Hoodie_1_512x.jpg?v=1532186681
          Angry Batman Standing Under The Rain Full Print Hoodie        ,//cdn.shopify.com/s/files/1/1801/9233/products/Angry_Batman_Standing_Under_The_Rain_Full_Print_Hoodie_1_512x.jpg?v=1532186645
          Weedman Badman Batman Cute Funny Marijuana Space Black Hoodie        ,//cdn.shopify.com/s/files/1/1801/9233/products/Weedman_Badman_Batman_Cute_Funny_Marijuana_Space_Black_Hoodie_1_512x.jpg?v=1530786135
          Marvel Deadpool Dab Dance Posture Camo Pattern Dope Design Hoodie        ,//cdn.shopify.com/s/files/1/1801/9233/products/Marvel_Deadpool_Dab_Dance_Posture_Camo_Pattern_Dope_Design_Hoodie_1_512x.jpg?v=1530785397
          Marvel Comic Anti Hero Death Pool Fun Gun Shot Head Design Pocket Hoodie        ,//cdn.shopify.com/s/files/1/1801/9233/products/Marvel_Comic_Anti_Hero_Death_Pool_Fun_Gun_Shot_Head_Design_Pocket_Hoodie_512x.jpg?v=1530785391
          DC Batman Robin Free Time Activity Kiss Funny Vintage Design Zipped Hoodie        ,//cdn.shopify.com/s/files/1/1801/9233/products/DC_Batman_Robin_Free_Time_Activity_Kiss_Funny_Vintage_Design_Zipped_Hoodie_1_512x.jpg?v=1530979831
          Anti Hero Cool Deadpool Gun FTW Fun Head Shot Trendy Pullover Hoodie        ,//cdn.shopify.com/s/files/1/1801/9233/products/Anti_Hero_Cool_Deadpool_Gun_FTW_Fun_Head_Shot_Trendy_Pull_Over_Hoodie_ae8735a8-1b03-476f-b117-928398946bf2_512x.jpg?v=1530976989
          Iron Man Classic Red & Gold Armor 3D Cosplay Zip Up Hoodie        ,//cdn.shopify.com/s/files/1/1801/9233/products/Iron_Man_Classic_Red_Gold_Armor_3D_Cosplay_Zip_Up_Hoodie_1_512x.png?v=1546298075
          Superman Hero Blue Costume 3D Cosplay Zip Up Hoodie        ,//cdn.shopify.com/s/files/1/1801/9233/products/Superman_Hero_Blue_Costume_3D_Cosplay_Zip_Up_Hoodie_1_512x.png?v=1546298009
          Batman DC Comics Grey Costume Cosplay 3D Zip Up Hoodie        ,//cdn.shopify.com/s/files/1/1801/9233/products/Batman_DC_Comics_Black_Costume_Cosplay_3D_Zip_Up_Hoodie_1_512x.png?v=1530977025
          Thor Avengers Marvel Small Thunder Mjolnir Jotunheim Hoodie        ,//cdn.shopify.com/s/files/1/1801/9233/products/Thor_Avengers_Marvel_Small_Thunder_Mjolnir_Jotunheim_Hoodie_1_512x.jpg?v=1525337741
          Thor Avengers Marvel Cartoon Comic Light Mjolnir Hoodie        ,//cdn.shopify.com/s/files/1/1801/9233/products/Thor_Avengers_Marvel_Cartoon_Comic_Light_Mjolnir_Hoodie_1_512x.jpg?v=1525337045
          Marvel The Avengers Lonely Ultron Stylish Full Print Hoodie        ,//cdn.shopify.com/s/files/1/1801/9233/products/35_Marvel_The_Avengers_Lonely_Ultron_Stylish_Full_Print_Hoodie_512x.jpg?v=1525340492
          Marvel The Avengers Main Superheroes Fighting Swag 3D Hoodie        ,//cdn.shopify.com/s/files/1/1801/9233/products/31_Marvel_The_Avengers_Main_Superheroes_Fighting_Swag_3D_Hoodie_512x.jpg?v=1525345660
          The Avengers Captain America Iron Man Ultron Dope 3D Hoodie        ,//cdn.shopify.com/s/files/1/1801/9233/products/29_The_Avengers_Captain_America_Iron_Man_Ultron_Dope_3D_Hoodie_512x.jpg?v=1525341036
          Marvel The Avengers Fighting Ultron 3D Full Print Hoodie        ,//cdn.shopify.com/s/files/1/1801/9233/products/25_Marvel_The_Avengers_Fighting_Ultron_3D_Full_Print_Hoodie_512x.jpg?v=1525338577
          Marvel Superheroes In Battle Unique Style 3D Print Hoodie        ,//cdn.shopify.com/s/files/1/1801/9233/products/21_Marvel_Superheroes_In_Battle_Unique_Style_3D_Print_Hoodie_512x.jpg?v=1525343248
          The Avengers Iron Man Fighting Captain America Print Hoodie        ,//cdn.shopify.com/s/files/1/1801/9233/products/19_The_Avengers_Iron_Man_Fighting_Captain_America_Print_Hoodie_512x.jpg?v=1525340446
          Marvel The Avengers Civil War Main Characters Swag Hoodie        ,//cdn.shopify.com/s/files/1/1801/9233/products/17_Marvel_The_Avengers_Civil_War_Main_Characters_Swag_Hoodie_512x.jpg?v=1525344704
          The Avengers Age of Ultron Main Characters 3D Print Hoodie        ,//cdn.shopify.com/s/files/1/1801/9233/products/15_The_Avengers_Age_of_Ultron_Main_Characters_3D_Print_Hoodie_512x.jpg?v=1525343908
          Marvel The Avengers Iron Man Hulk Aggressive 3D Print Hoodie        ,//cdn.shopify.com/s/files/1/1801/9233/products/13_Marvel_The_Avengers_Iron_Man_Hulk_Aggressive_3D_Print_Hoodie_512x.jpg?v=1525342959
          Marvel The Avengers Iron Man Repulsor Beam Unique 3D Hoodie        ,//cdn.shopify.com/s/files/1/1801/9233/products/11_Marvel_The_Avengers_Iron_Man_Repulsor_Beam_Unique_3D_Hoodie_512x.jpg?v=1525342573
          Marvel The Avengers Ready To Fight Dope 3D Full Print Hoodie        ,//cdn.shopify.com/s/files/1/1801/9233/products/9_Marvel_The_Avengers_Ready_To_Fight_Dope_3D_Full_Print_Hoodie_512x.jpg?v=1525341667
          Marvel The Avengers Civil War Symmetric Pattern Style Hoodie        ,//cdn.shopify.com/s/files/1/1801/9233/products/7_Marvel_The_Avengers_Civil_War_Symmetric_Pattern_Style_Hoodie_512x.jpg?v=1525345100
          The Avengers Iron Man Black Widow Nick Fury Swag 3D Hoodie        ,//cdn.shopify.com/s/files/1/1801/9233/products/5_The_Avengers_Iron_Man_Black_Widow_Nick_Fury_Swag_3D_Hoodie_512x.jpg?v=1525344820
          Marvel The Avengers Captain America Dope 3D Print Hoodie        ,//cdn.shopify.com/s/files/1/1801/9233/products/3_Marvel_The_Avengers_Captain_America_Dope_3D_Print_Hoodie_512x.jpg?v=1525342477
          Marvel The Avengers Symbol Iron Man Unique Style 3D Hoodie        ,//cdn.shopify.com/s/files/1/1801/9233/products/1_Marvel_The_Avengers_Symbol_Iron_Man_Unique_Style_3D_512x.jpg?v=1525338893
          Marvel Guardians of the Galaxy Team Battle Vibrant Design Hoodie        ,//cdn.shopify.com/s/files/1/1801/9233/products/57_Marvel_Guardians_of_the_Galaxy_Team_Battle_Vibrant_Design_Hoodie_512x.jpg?v=1525338084
          Guardians of the Galaxy Gamora Portrait Dope 3D Design Hoodie        ,//cdn.shopify.com/s/files/1/1801/9233/products/55_Guardians_of_the_Galaxy_Gamora_Portrait_Dope_3D_Design_Hoodie_512x.jpg?v=1527349236
          Guardians of the Galaxy Team Portrait Vibrant 3D Full Print Hoodie        ,//cdn.shopify.com/s/files/1/1801/9233/products/53_Guardians_of_the_Galaxy_Team_Portrait_Vibrant_3D_Full_Print_Hoodie_512x.jpg?v=1527349257
          Guardians of the Galaxy Team Portrait Vibrant Design Hoodie        ,//cdn.shopify.com/s/files/1/1801/9233/products/51_Guardians_of_the_Galaxy_Team_Portrait_Vibrant_Design_Hoodie_512x.jpg?v=1527349259
          Guardians of the Galaxy Powerful Groot Stunning Design 3D Hoodie        ,//cdn.shopify.com/s/files/1/1801/9233/products/49_Guardians_of_the_Galaxy_Powerful_Groot_Stunning_Design_3D_Hoodie_512x.jpg?v=1527349243
          Guardians of the Galaxy Yondu Expert Archer Portrait Dope Hoodie        ,//cdn.shopify.com/s/files/1/1801/9233/products/47_Guardians_of_the_Galaxy_Yondu_Expert_Archer_Portrait_Dope_Hoodie_512x.jpg?v=1527349261
          Guardians of the Galaxy Emotional Cute Baby Groot 3D Print Hoodie        ,//cdn.shopify.com/s/files/1/1801/9233/products/45_Guardians_of_the_Galaxy_Emotional_Cute_Baby_Groot_3D_Print_Hoodie_512x.jpg?v=1527349234
          Guardians of the Galaxy Drax Powerful Warrior Dope 3D Hoodie        ,//cdn.shopify.com/s/files/1/1801/9233/products/43_Guardians_of_the_Galaxy_Drax_Powerful_Warrior_Dope_3D_Hoodie_512x.jpg?v=1527349233
          Guardians of the Galaxy Part 2 Team Poster Vibrant 3D Hoodie        ,//cdn.shopify.com/s/files/1/1801/9233/products/41_Guardian_of_Galaxy_Part_2_Team_Poster_Vibrant_3D_Hoodie_512x.jpg?v=1527349241
          Guardians of the Galaxy Drax Fighting Monster Full Print Hoodie        ,//cdn.shopify.com/s/files/1/1801/9233/products/39_Guardians_of_the_Galaxy_Drax_Fighting_Monster_Full_Print_Hoodie_512x.jpg?v=1527349230
          Guardians of the Galaxy Star-Lord Portrait Cool Printed Hoodie        ,//cdn.shopify.com/s/files/1/1801/9233/products/37_Guardians_of_the_Galaxy_Star-Lord_Portrait_Cool_Printed_Hoodie_512x.jpg?v=1527349252
          Guardians of the Galaxy Nebula Killer Cool 3D Design Hoodie        ,//cdn.shopify.com/s/files/1/1801/9233/products/35_Guardians_of_the_Galaxy_Nebula_Killer_Cool_3D_Design_Hoodie_512x.jpg?v=1527349238
          Guardians of the Galaxy Cartoon Theme Team Battle Dope Hoodie        ,//cdn.shopify.com/s/files/1/1801/9233/products/33_Guardians_of_the_Galaxy_Cartoon_Theme_Team_Battle_Dope_Hoodie_512x.jpg?v=1527349228
          Guardians of the Galaxy Star-Lord Cool Posture Print Hoodie        ,//cdn.shopify.com/s/files/1/1801/9233/products/31_Guardians_of_the_Galaxy_Star-Lord_Cool_Posture_Print_Hoodie_512x.jpg?v=1527349244
          Guardians of the Galaxy Star-Lord Fighting Scene Dope Hoodie        ,//cdn.shopify.com/s/files/1/1801/9233/products/29_Guardians_of_the_Galaxy_Star-Lord_Fighting_Scene_Dope_Hoodie_512x.jpg?v=1527349247
          Guardians of the Galaxy Team Fighting Anime Theme 3D Hoodie        ,//cdn.shopify.com/s/files/1/1801/9233/products/27_Guardians_of_the_Galaxy_Team_Fighting_Anime_Theme_3D_Hoodie_512x.jpg?v=1527349255
          Guardians of the Galaxy Team Watching Firefly Full Print Hoodie        ,//cdn.shopify.com/s/files/1/1801/9233/products/25_Guardians_of_the_Galaxy_Team_Watching_Firefly_Full_Print_Hoodie_512x.jpg?v=1527349259
          Guardians of the Galaxy Groot Rocket Space Flying Design Hoodie        ,//cdn.shopify.com/s/files/1/1801/9233/products/23_Guardians_of_the_Galaxy_Groot_Rocket_Space_Flying_Design_Hoodie_512x.jpg?v=1527349237
          Guardians of the Galaxy Parody Football Stars Style Funny Hoodie        ,//cdn.shopify.com/s/files/1/1801/9233/products/21_Guardians_of_the_Galaxy_Parody_Football_Stars_Style_Funny_Hoodie_512x.jpg?v=1527349239
          Guardians of the Galaxy Star-Lord Gear Up Awesome Design Hoodie        ,//cdn.shopify.com/s/files/1/1801/9233/products/19_Guardians_of_the_Galaxy_Star-Lord_Gear_Up_Awesome_Design_Hoodie_512x.jpg?v=1527349250
          Guardians of the Galaxy Star-Lord Gamora Perfect Team Cool Hoodie        ,//cdn.shopify.com/s/files/1/1801/9233/products/17_Guardians_of_the_Galaxy_Star-Lord_Gamora_Perfect_Team_Cool_Hoodie_512x.jpg?v=1527349249
          Guardians of the Galaxy Angry Baby Groot 3D Print Design Hoodie        ,//cdn.shopify.com/s/files/1/1801/9233/products/15_Guardians_of_the_Galaxy_Angry_Baby_Groot_3D_Print_Design_Hoodie_512x.jpg?v=1527349224
          Guardians of the Galaxy Star-Lord Rocket Cool Team Design Hoodie        ,//cdn.shopify.com/s/files/1/1801/9233/products/13_Guardians_of_the_Galaxy_Star-Lord_Rocket_Cool_Team_Design_Hoodie_512x.jpg?v=1527349253
          Marvel Guardians of the Galaxy Stunning Battle Scene 3D Full Print Hoodie        ,//cdn.shopify.com/s/files/1/1801/9233/products/11_Marvel_Guardians_of_the_Galaxy_Stunning_Battle_Scene_3D_Full_Print_Hoodie_512x.jpg?v=1525344210
          Guardians of the Galaxy Badass Team Up Cool Design Hoodie        ,//cdn.shopify.com/s/files/1/1801/9233/products/7_Guardians_of_the_Galaxy_Badass_Team_Up_Cool_Design_Hoodie_512x.jpg?v=1527349226
          Guardians of the Galaxy Drax Portrait 3D Full Print Cool Hoodie        ,//cdn.shopify.com/s/files/1/1801/9233/products/5_Guardian_of_Galaxy_Drax_Portrait_3D_Full_Print_Cool_Hoodie_512x.jpg?v=1527349232
          Guardians of the Galaxy Team Gamora Groot Portrait Cool Hoodie        ,//cdn.shopify.com/s/files/1/1801/9233/products/3_Guardian_of_Galaxy_Team_Gamora_Groot_Portrait_Cool_Hoodie_512x.jpg?v=1527349256
          Guardians of the Galaxy Star-Lord Drax Cool Standing Design Hoodie        ,//cdn.shopify.com/s/files/1/1801/9233/products/1_Guardian_of_Galaxy_Star-Lord_Drax_Cool_Standing_Design_Hoodie_512x.jpg?v=1527349246
          Justice League Heroes Fighting Dope Design 3D Print Hoodie        ,//cdn.shopify.com/s/files/1/1801/9233/products/37_Justice_League_Heroes_Fighting_Dope_Design_3D_Print_512x.jpg?v=1527349358
          Justice League DC Awesome Superheroes Team 3D Printed Hoodie        ,//cdn.shopify.com/s/files/1/1801/9233/products/35_Justice_League_DC_Awesome_Superheroes_Team_3D_512x.jpg?v=1527349326
          Justice League Comic Superman Dope Stand 3D Printed Hoodie        ,//cdn.shopify.com/s/files/1/1801/9233/products/31_Justice_League_Comic_Superman_Dope_Stand_3D_Printed_Hoodie_512x.jpg?v=1527349321
          Justice League Super Power Heroes Cool Art Printing Hoodie        ,//cdn.shopify.com/s/files/1/1801/9233/products/29_Justice_League_Super_Power_Heroes_Cool_Art_Printing_Hoodie_512x.jpg?v=1527349371
          Justice League Perfect Trinity Dope Design Full Print Hoodie        ,//cdn.shopify.com/s/files/1/1801/9233/products/25_Justice_League_Perfect_Trinity_Dope_Design_Full_Print_Hoodie_512x.jpg?v=1527349362
          Justice League Superheroes Team Up Full Print Hoodie        ,//cdn.shopify.com/s/files/1/1801/9233/products/23_Justice_League_Superheroes_Team_Up_Full_Print_Hoodie_512x.jpg?v=1527349384
          Justice League Superheroes Justice Symbol 3D Printed Hoodie        ,//cdn.shopify.com/s/files/1/1801/9233/products/21_Justice_League_Superheroes_Justice_Symbol_3D_Printed_Hoodie_512x.jpg?v=1527349380
          Justice League Heroes Cool Fan Art Design Full Print Hoodie        ,//cdn.shopify.com/s/files/1/1801/9233/products/19_Justice_League_Heroes_Cool_Fan_Art_Design_Full_Print_Hoodie_512x.jpg?v=1527349351
          Dawn Of Justice Superman and Wonder Woman Full Print Hoodie        ,//cdn.shopify.com/s/files/1/1801/9233/products/15_Dawn_Of_Justice_Superman_and_Wonder_Woman_Full_Print_Hoodie_512x.jpg?v=1527348362
          Justice League Fighting The Avengers Scene Full Print Awesome Hoodie        ,//cdn.shopify.com/s/files/1/1801/9233/products/11_Justice_League_Fighting_The_Avengers_Scene_Full_Print_Awesome_Hoodie_512x.jpg?v=1527349346
          Justice League DC Comics Heroes Dope Team Cool Hoodie        ,//cdn.shopify.com/s/files/1/1801/9233/products/9_Justice_League_DC_Comics_Heroes_Dope_Team_Cool_Hoodie_512x.jpg?v=1527349331
          Justice League Heroes Dope Art Design 3D Printed Hoodie        ,//cdn.shopify.com/s/files/1/1801/9233/products/5_Justice_League_Heroes_Dope_Art_Design_3D_Printed_Hoodie_512x.jpg?v=1527349354
          Batman VS Superman Dawn Of Justice Trinity 3D Print Hoodie        ,//cdn.shopify.com/s/files/1/1801/9233/products/1_Batman_VS_Superman_Dawn_Of_Justice_Trinity_3D_Print_Hoodie_512x.JPG?v=1527348292
          Deadpool The Back Portrait Amazing Fan Art Full Print Hoodie        ,//cdn.shopify.com/s/files/1/1801/9233/products/51_Deadpool_The_Back_Portrait_Amazing_Fan_Art_Full_Print_Hoodie_512x.jpg?v=1527348434
          Deadpool Weapon X Origins Symbol Fashionable Full Print Hoodie        ,//cdn.shopify.com/s/files/1/1801/9233/products/49_Deadpool_Weapon_X_Origins_Symbol_Fashionable_Full_Print_Hoodie_512x.jpg?v=1527348450
          Deadpool Marvel Hand Gun Sign Red And Black Design Hoodie        ,//cdn.shopify.com/s/files/1/1801/9233/products/47_Deadpool_Marvel_Hand_Gun_Sign_Red_And_Black_Design_Hoodie_512x.jpg?v=1527348420
          Deadpool In Green Lantern Costume Perfect Design Hoodie        ,//cdn.shopify.com/s/files/1/1801/9233/products/45_Deadpool_In_Green_Lantern_Costume_Perfect_Design_Hoodie_512x.jpg?v=1527348417
          Deadpool Thumbs Up Style Black Background 3D Print Hoodie        ,//cdn.shopify.com/s/files/1/1801/9233/products/41_Deadpool_Thumbs_Up_Style_Black_Background_3D_Print_Hoodie_512x.jpg?v=1527348442
          Deadpool Stopping Bullets Dope Design Full Print Hoodie        ,//cdn.shopify.com/s/files/1/1801/9233/products/39_Deadpool_Stopping_Bullets_Dope_Design_Full_Print_Hoodie_512x.jpg?v=1527348428
          Deadpool And His Girlfriend Riding Horse Cool Style Hoodie        ,//cdn.shopify.com/s/files/1/1801/9233/products/37_Deadpool_And_His_Girlfriend_Riding_Horse_Cool_Style_Hoodie_512x.jpg?v=1527348400
          Deadpool Watercolour Painting Portrait Vibrant Swag Hoodie        ,//cdn.shopify.com/s/files/1/1801/9233/products/33_Deadpool_Watercolour_Painting_Portrait_Vibrant_Swag_Hoodie_512x.jpg?v=1527348446
          Deadpool Guns Holding Bloody Wings Dope Design Print Hoodie        ,//cdn.shopify.com/s/files/1/1801/9233/products/31_Deadpool_Guns_Holding_Bloody_Wings_Dope_Design_Print_Hoodie_512x.jpg?v=1527348409
          Deadpool The Winner Style Funny Design Full Print Hoodie        ,//cdn.shopify.com/s/files/1/1801/9233/products/29_Deadpool_The_Winner_Style_Funny_Design_Full_Print_Hoodie_512x.jpg?v=1527348438
          Deadpool Wet Face Portrait In The Rain Amazing Design Hoodie        ,//cdn.shopify.com/s/files/1/1801/9233/products/27_Deadpool_Wet_Face_Portrait_In_The_Rain_Amazing_Design_Hoodie_512x.jpg?v=1527348453
          Serious Deadpool Dual Blades Fighting Fashionable Print Hoodie        ,//cdn.shopify.com/s/files/1/1801/9233/products/25_Serious_Deadpool_Dual_Blades_Fighting_Fashionable_Print_Hoodie_512x.jpg?v=1561534847
          Deadpool Marvel Unique Style Fan Art Portrait Awesome Hoodie        ,//cdn.shopify.com/s/files/1/1801/9233/products/23_Deadpool_Marvel_Unique_Style_Fan_Art_Portrait_Awesome_Hoodie_512x.jpg?v=1527348424
          Deadly Deadpool Shooting Scene Dope Style Full Print Hoodie        ,//cdn.shopify.com/s/files/1/1801/9233/products/21_Deadly_Deadpool_Shooting_Scene_Dope_Style_Full_Print_Hoodie_512x.jpg?v=1527348391
          Sexy Deadpool Winking Awesome Portrait Smoke Design Hoodie        ,//cdn.shopify.com/s/files/1/1801/9233/products/19_Sexy_Deadpool_Winking_Awesome_Portrait_Smoke_Design_Hoodie_512x.jpg?v=1561534853
          Muscle Deadpool Thumbs Up Cool Style Vibrant Design Hoodie        ,//cdn.shopify.com/s/files/1/1801/9233/products/17_Muscle_Deadpool_Thumbs_Up_Cool_Style_Vibrant_Design_Hoodie_512x.jpg?v=1525339100
          Antihero Deadpool Kills On Sight Dope Design Full Print Hoodie        ,//cdn.shopify.com/s/files/1/1801/9233/products/15_Antihero_Deadpool_Kills_On_Sight_Dope_Design_Full_Print_Hoodie_512x.jpg?v=1527348261
          Deadpool Wielding A Knife Fighting Amazing Design Hoodie        ,//cdn.shopify.com/s/files/1/1801/9233/products/13_Deadpool_Wielding_A_Knife_Fighting_Amazing_Design_Hoodie_512x.jpg?v=1527348457
          Hilarious Deadpool Love Icon Modern Design 3D Print Hoodie        ,//cdn.shopify.com/s/files/1/1801/9233/products/11_Hilarious_Deadpool_Love_Icon_Modern_Design_3D_Print_Hoodie_512x.jpg?v=1527349281
          Deadpool Abstract Painting Design Stylish Winter Hoodie        ,//cdn.shopify.com/s/files/1/1801/9233/products/9_Deadpool_Abstract_Painting_Design_Stylish_Winter_Hoodie_512x.jpg?v=1527348395
          Bloody Deadpool Fighting Battle Painting Design Print Hoodie        ,//cdn.shopify.com/s/files/1/1801/9233/products/7_Bloody_Deadpool_Fighting_Battle_Painting_Design_Print_Hoodie_512x.jpg?v=1527348307
          Antihero Deadpool Shooting With Gun Cool Style Print Hoodie        ,//cdn.shopify.com/s/files/1/1801/9233/products/5_Antihero_Deadpool_Shooting_With_Gun_Cool_Style_Print_Hoodie_512x.jpg?v=1527348265
          Deadpool Folding His Arms Dope Style Full Print Red Hoodie        ,//cdn.shopify.com/s/files/1/1801/9233/products/1_Deadpool_Folding_His_Arms_Dope_Style_Full_Print_Red_Hoodie_512x.jpg?v=1527348404
