Type,SKU,Name,Published,Is featured?,Visibility in catalog,Short description,Description,Date sale price starts,Date sale price ends,Tax status,Tax class,In stock?,Stock,Low stock amount,Backorders allowed?,Sold individually?,Weight (lbs),Length (in),Width (in),Height (in),Allow customer reviews?,Purchase note,Sale price,Regular price,Categories,Tags,Shipping class,Images,Download limit,Download expiry days,Parent,Grouped products,Upsells,Cross-sells,External URL,Button text,Position,Attribute 1 name,Attribute 1 value(s),Attribute 1 visible,Attribute 1 global,Attribute 2 name,Attribute 2 value(s),Attribute 2 visible,Attribute 2 global,Attribute 3 name,Attribute 3 value(s),Attribute 3 visible,Attribute 3 global
,,Sum 41 Quilt Blanket,,,,,,,,,,,,,,,,,,,,,,,,,,https://pod-product.s3.amazonaws.com/6abb9df3-a10a-4b12-baf7-8d7e11f5a405-300x300.jpg,,,,,,,,,,,,,,,,,,,,,
,,311 Quilt Blanket,,,,,,,,,,,,,,,,,,,,,,,,,,https://pod-product.s3.amazonaws.com/9e53dec1-fe58-4855-83fe-ed03a4ee5416-300x300.jpg,,,,,,,,,,,,,,,,,,,,,
,,"Selena – 11 Lareina T-Shirt, Sweatshirt, Hoodie",,,,,,,,,,,,,,,,,,,,,,,,,,https://pod-product.s3.amazonaws.com/image-46-300x300.jpeg,,,,,,,,,,,,,,,,,,,,,
,,Backstreet Boys – Backstreets Back Alright Shirt,,,,,,,,,,,,,,,,,,,,,,,,,,https://pod-product.s3.amazonaws.com/redirect-48-300x300.png,,,,,,,,,,,,,,,,,,,,,
,,Mercyful Fate T-shirt,,,,,,,,,,,,,,,,,,,,,,,,,,https://pod-product.s3.amazonaws.com/redirect-36-300x300.png,,,,,,,,,,,,,,,,,,,,,
,,King Diamond Abigail’87 Mercyful Fate,,,,,,,,,,,,,,,,,,,,,,,,,,https://pod-product.s3.amazonaws.com/redirect-12-300x300.png,,,,,,,,,,,,,,,,,,,,,
,,King Diamond Shirt,,,,,,,,,,,,,,,,,,,,,,,,,,https://pod-product.s3.amazonaws.com/redirect-300x300.png,,,,,,,,,,,,,,,,,,,,,
,,Kiss 2 Quilt Blanket,,,,,,,,,,,,,,,,,,,,,,,,,,https://pod-product.s3.amazonaws.com/p012431-929c1ae8e3834400b3a18da5c2b4a579-primary-mockup-1-300x300.jpg,,,,,,,,,,,,,,,,,,,,,
,,White PNG on 4 dark shirt,,,,,,,,,,,,,,,,,,,,,,,,,,https://pod-product.s3.amazonaws.com/image-106-300x300.jpeg,,,,,,,,,,,,,,,,,,,,,
,,Selena – My heart goes bidi bidi bom bom white version,,,,,,,,,,,,,,,,,,,,,,,,,,https://pod-product.s3.amazonaws.com/image-94-300x300.jpeg,,,,,,,,,,,,,,,,,,,,,
,,Ween – I came to get brown tee,,,,,,,,,,,,,,,,,,,,,,,,,,https://pod-product.s3.amazonaws.com/image-82-300x300.jpeg,,,,,,,,,,,,,,,,,,,,,
,,Amor Prohibido Selena Slayer Tee,,,,,,,,,,,,,,,,,,,,,,,,,,https://pod-product.s3.amazonaws.com/image-70-300x300.jpeg,,,,,,,,,,,,,,,,,,,,,
,,"Ween Logo T-Shirt, Sweatshirt, Hoodie",,,,,,,,,,,,,,,,,,,,,,,,,,https://pod-product.s3.amazonaws.com/image-58-300x300.jpeg,,,,,,,,,,,,,,,,,,,,,
,,Ween – Bananas and Blow T-Shirt,,,,,,,,,,,,,,,,,,,,,,,,,,https://pod-product.s3.amazonaws.com/image-32-300x300.jpeg,,,,,,,,,,,,,,,,,,,,,
,,Ween logo custom t-shirt,,,,,,,,,,,,,,,,,,,,,,,,,,https://pod-product.s3.amazonaws.com/image-27-300x300.jpeg,,,,,,,,,,,,,,,,,,,,,
,,"Beyoncé 4 Cotton T-Shirt, Sweatshirt, Hoodie",,,,,,,,,,,,,,,,,,,,,,,,,,https://pod-product.s3.amazonaws.com/image-109-300x300.png,,,,,,,,,,,,,,,,,,,,,
,,"Beyoncé 6 Cotton T-Shirt, Sweatshirt, Hoodie",,,,,,,,,,,,,,,,,,,,,,,,,,https://pod-product.s3.amazonaws.com/image-71-300x300.png,,,,,,,,,,,,,,,,,,,,,
,,Slayer Quilt Blanket,,,,,,,,,,,,,,,,,,,,,,,,,,https://pod-product.s3.amazonaws.com/p012430-6201e5bffdae42e29c50c5396aa2cbca-primary-mockup-1-300x300.jpg,,,,,,,,,,,,,,,,,,,,,
,,Rick Springfield Quilt Blanket,,,,,,,,,,,,,,,,,,,,,,,,,,https://pod-product.s3.amazonaws.com/p012354-3dd7dc1f56f34a45bfaddc1aa32f313a-primary-mockup-1-300x300.jpg,,,,,,,,,,,,,,,,,,,,,
,,Def Leppard Black White T Shirt,,,,,,,,,,,,,,,,,,,,,,,,,,https://pod-product.s3.amazonaws.com/p002198-ceb94fe4b49a4610a4fabc30192453a7-primary-mockup-1-300x300.png,,,,,,,,,,,,,,,,,,,,,
,,Def Leppard Rock Album T Shirt,,,,,,,,,,,,,,,,,,,,,,,,,,https://pod-product.s3.amazonaws.com/p002197-47adb60848664e2eb9e78e51dbe52e44-primary-mockup-1-300x300.jpg,,,,,,,,,,,,,,,,,,,,,
,,Def Leppard Hysteria Tour T Shirt,,,,,,,,,,,,,,,,,,,,,,,,,,https://pod-product.s3.amazonaws.com/p002196-77c668c964934910bce3e0588ab15971-primary-mockup-1-300x300.jpg,,,,,,,,,,,,,,,,,,,,,
,,Motley Crue Vintage Studs & Flag Shirt,,,,,,,,,,,,,,,,,,,,,,,,,,https://pod-product.s3.amazonaws.com/p001875-224f2a540b204de29fe8085b276e30d9-primary-mockup-1-300x300.png,,,,,,,,,,,,,,,,,,,,,
,,"Keith Urban Cotton T-Shirt, Sweatshirt, Hoodie —",,,,,,,,,,,,,,,,,,,,,,,,,,https://pod-product.s3.amazonaws.com/image-41-300x300.png,,,,,,,,,,,,,,,,,,,,,
,,"Beyoncé Cotton T-Shirt, Sweatshirt, Hoodie",,,,,,,,,,,,,,,,,,,,,,,,,,https://pod-product.s3.amazonaws.com/image-3-300x300.png,,,,,,,,,,,,,,,,,,,,,
,,Elvis Presley T-Shirt,,,,,,,,,,,,,,,,,,,,,,,,,,https://pod-product.s3.amazonaws.com/image-300x300.png,,,,,,,,,,,,,,,,,,,,,
,,Elvis Presley Three Quilt Blanket,,,,,,,,,,,,,,,,,,,,,,,,,,https://pod-product.s3.amazonaws.com/p018594-268dd43423ea411a9ce2afe002a9d2c1-primary-mockup-300x300.jpg,,,,,,,,,,,,,,,,,,,,,
,,Elvis Presley Four Quilt Blanket,,,,,,,,,,,,,,,,,,,,,,,,,,https://pod-product.s3.amazonaws.com/p018593-4a1c388494c14063b4117a31477c60ca-primary-mockup-300x300.jpg,,,,,,,,,,,,,,,,,,,,,
,,Elvis Presley Two Quilt Blanket,,,,,,,,,,,,,,,,,,,,,,,,,,https://pod-product.s3.amazonaws.com/p018592-39e7eb10f4ad461bb3ddb852933868a5-primary-mockup-300x300.jpg,,,,,,,,,,,,,,,,,,,,,
,,Neil Diamond Quilt Blanket,,,,,,,,,,,,,,,,,,,,,,,,,,https://pod-product.s3.amazonaws.com/p018591-5d9d14a527c2429aadfa4576c674ca8b-primary-mockup-300x300.jpg,,,,,,,,,,,,,,,,,,,,,
,,The Partridge Family Quilt Blanket,,,,,,,,,,,,,,,,,,,,,,,,,,https://pod-product.s3.amazonaws.com/p018590-9b71606cbb4e4e148ccf727931e38463-primary-mockup-300x300.jpg,,,,,,,,,,,,,,,,,,,,,
,,Whitney Houston Quilt Blanket,,,,,,,,,,,,,,,,,,,,,,,,,,https://pod-product.s3.amazonaws.com/p018589-42883bc1ed184ea49c29e177b2ba19b0-primary-mockup-300x300.jpg,,,,,,,,,,,,,,,,,,,,,
,,ABBA Quilt Blanket,,,,,,,,,,,,,,,,,,,,,,,,,,https://pod-product.s3.amazonaws.com/p018588-86441d6432cb4561b43cbbb04c2f1d61-primary-mockup-300x300.jpg,,,,,,,,,,,,,,,,,,,,,
,,Michael jackson Quilt Blanket,,,,,,,,,,,,,,,,,,,,,,,,,,https://pod-product.s3.amazonaws.com/p018586-81963e43bb6d4751a6040811d2caf6a6-primary-mockup-300x300.jpg,,,,,,,,,,,,,,,,,,,,,
,,Lady gaga Quilt Blanket,,,,,,,,,,,,,,,,,,,,,,,,,,https://pod-product.s3.amazonaws.com/p018584-5800c6a700e74ef88f81a9a1628a5ce2-primary-mockup-300x300.jpg,,,,,,,,,,,,,,,,,,,,,
,,Keith Urban Quilt Blanket,,,,,,,,,,,,,,,,,,,,,,,,,,https://pod-product.s3.amazonaws.com/p018583-5dfe955ac18c43c689034f3e7c3b21a9-primary-mockup-300x300.jpg,,,,,,,,,,,,,,,,,,,,,
,,Louise Hay Quilt Blanket,,,,,,,,,,,,,,,,,,,,,,,,,,https://pod-product.s3.amazonaws.com/p018582-0a280cf920d14d66b4b9714eb215b19f-primary-mockup-300x300.jpg,,,,,,,,,,,,,,,,,,,,,
,,Madness Quilt Blanket,,,,,,,,,,,,,,,,,,,,,,,,,,https://pod-product.s3.amazonaws.com/p018581-d25d52601e2c4979868f07c45aef3b25-primary-mockup-300x300.jpg,,,,,,,,,,,,,,,,,,,,,
,,Alanis Morissette Quilt Blanket,,,,,,,,,,,,,,,,,,,,,,,,,,https://pod-product.s3.amazonaws.com/p018340-080a405b8b354d84b93f67f88242655d-primary-mockup-300x300.jpg,,,,,,,,,,,,,,,,,,,,,
,,Stephen King Books Quilt Blanket,,,,,,,,,,,,,,,,,,,,,,,,,,https://pod-product.s3.amazonaws.com/p018162-68dea3878afa4e9ea8904321793f4ff3-primary-mockup-300x300.jpg,,,,,,,,,,,,,,,,,,,,,
,,Wilco Quilt Blanket,,,,,,,,,,,,,,,,,,,,,,,,,,https://pod-product.s3.amazonaws.com/p018151-2ff8cef7f99048cdbfd9dfabb1d01a00-primary-mockup-300x300.jpg,,,,,,,,,,,,,,,,,,,,,
,,Steve Miller Band Quilt Blanket,,,,,,,,,,,,,,,,,,,,,,,,,,https://pod-product.s3.amazonaws.com/p018150-9332168a180f4341a024e3b72e0f3263-primary-mockup-300x300.jpg,,,,,,,,,,,,,,,,,,,,,
,,Linkin Park Quilt Blanket,,,,,,,,,,,,,,,,,,,,,,,,,,https://pod-product.s3.amazonaws.com/p018149-d0009cb75cc44bbe92bfaa2d688b0604-primary-mockup-300x300.jpg,,,,,,,,,,,,,,,,,,,,,
,,Mariah Carey Quilt Blanket,,,,,,,,,,,,,,,,,,,,,,,,,,https://pod-product.s3.amazonaws.com/p018148-83b9a366c5d742eb99d81162a4df9f7b-primary-mockup-300x300.jpg,,,,,,,,,,,,,,,,,,,,,
,,Devo Quilt Blanket,,,,,,,,,,,,,,,,,,,,,,,,,,https://pod-product.s3.amazonaws.com/p018147-b134e56b36d54f66b1523004760a42b8-primary-mockup-300x300.jpg,,,,,,,,,,,,,,,,,,,,,
,,Spoon Quilt Blanket,,,,,,,,,,,,,,,,,,,,,,,,,,https://pod-product.s3.amazonaws.com/p018146-efb009e0dc1842b990b492e47ba14bc6-primary-mockup-300x300.jpg,,,,,,,,,,,,,,,,,,,,,
,,Santana Quilt Blanket,,,,,,,,,,,,,,,,,,,,,,,,,,https://pod-product.s3.amazonaws.com/p018145-2aa1a50ba97d42c68c7540e0da1703bc-primary-mockup-300x300.jpg,,,,,,,,,,,,,,,,,,,,,
,,Donny Osmond Quilt Blanket,,,,,,,,,,,,,,,,,,,,,,,,,,https://pod-product.s3.amazonaws.com/p018143-b9136f549e964930910cf5abeb348183-primary-mockup-300x300.jpg,,,,,,,,,,,,,,,,,,,,,
,,Squeeze Quilt Blanket,,,,,,,,,,,,,,,,,,,,,,,,,,https://pod-product.s3.amazonaws.com/p018142-ffbb1f9c848f41909c5daff983021b0b-primary-mockup-300x300.jpg,,,,,,,,,,,,,,,,,,,,,
,,Gov’t Mule Quilt Blanket,,,,,,,,,,,,,,,,,,,,,,,,,,https://pod-product.s3.amazonaws.com/p018141-6b1e5a531f88477bab025ef6053d2ebe-primary-mockup-300x300.jpg,,,,,,,,,,,,,,,,,,,,,
,,Tim McGraw Quilt Blanket,,,,,,,,,,,,,,,,,,,,,,,,,,https://pod-product.s3.amazonaws.com/p018140-c187d83237f54fceb0559a74427b4e4a-primary-mockup-300x300.jpg,,,,,,,,,,,,,,,,,,,,,
,,Modest Mouse Quilt Blanket,,,,,,,,,,,,,,,,,,,,,,,,,,https://pod-product.s3.amazonaws.com/p018139-b81efba70feb46438d319e4f240a9fe9-primary-mockup-300x300.jpg,,,,,,,,,,,,,,,,,,,,,
,,Melissa Etheridge Quilt Blanket,,,,,,,,,,,,,,,,,,,,,,,,,,https://pod-product.s3.amazonaws.com/p018138-fe84953125ef4e9289918144ee8246f1-primary-mockup-300x300.jpg,,,,,,,,,,,,,,,,,,,,,
,,The Flaming Lips Quilt Blanket,,,,,,,,,,,,,,,,,,,,,,,,,,https://pod-product.s3.amazonaws.com/p018137-3f15d740d3a34b73a586d818e416071b-primary-mockup-300x300.jpg,,,,,,,,,,,,,,,,,,,,,
,,Rasputina Quilt Blanket,,,,,,,,,,,,,,,,,,,,,,,,,,https://pod-product.s3.amazonaws.com/p018136-a530536f1c0644e8b5ed351e9943f11a-primary-mockup-300x300.jpg,,,,,,,,,,,,,,,,,,,,,
,,Henry Rollins Quilt Blanket,,,,,,,,,,,,,,,,,,,,,,,,,,https://pod-product.s3.amazonaws.com/p018135-69d43d7d7b2e408fa39ff9d88668c17b-primary-mockup-300x300.jpg,,,,,,,,,,,,,,,,,,,,,
,,Taj Mahal Quilt Blanket,,,,,,,,,,,,,,,,,,,,,,,,,,https://pod-product.s3.amazonaws.com/p018134-fa218d1af81142eebf265a203b37e968-primary-mockup-300x300.jpg,,,,,,,,,,,,,,,,,,,,,
,,Chris Cornell Quilt Blanket,,,,,,,,,,,,,,,,,,,,,,,,,,https://pod-product.s3.amazonaws.com/p018133-319ddfbb43c74f4691cd7af4e85be05d-primary-mockup-300x300.jpg,,,,,,,,,,,,,,,,,,,,,
,,The Cars Quilt Blanket,,,,,,,,,,,,,,,,,,,,,,,,,,https://pod-product.s3.amazonaws.com/p018132-94ce3be9beb34e92822725ac11e4a3c5-primary-mockup-300x300.jpg,,,,,,,,,,,,,,,,,,,,,
,,Steve Winwood Quilt Blanket,,,,,,,,,,,,,,,,,,,,,,,,,,https://pod-product.s3.amazonaws.com/p018131-a82b2b144f0b4892bf0d9e96aa3659fb-primary-mockup-300x300.jpg,,,,,,,,,,,,,,,,,,,,,
,,George Martin Quilt Blanket,,,,,,,,,,,,,,,,,,,,,,,,,,https://pod-product.s3.amazonaws.com/p018130-6c4aaedd6d064baf9027f5c893c016e6-primary-mockup-300x300.jpg,,,,,,,,,,,,,,,,,,,,,
,,No Doubt Quilt Blanket,,,,,,,,,,,,,,,,,,,,,,,,,,https://pod-product.s3.amazonaws.com/p018129-61814a5631854396abec08903f87a529-primary-mockup-300x300.jpg,,,,,,,,,,,,,,,,,,,,,
,,GWAR Quilt Blanket,,,,,,,,,,,,,,,,,,,,,,,,,,https://pod-product.s3.amazonaws.com/p018128-4ece3397565642aeb49ae4bd77f2475b-primary-mockup-300x300.jpg,,,,,,,,,,,,,,,,,,,,,
,,Gram Parsons Quilt Blanket,,,,,,,,,,,,,,,,,,,,,,,,,,https://pod-product.s3.amazonaws.com/p018127-bb40170613fe48449b57c3762713a802-primary-mockup-300x300.jpg,,,,,,,,,,,,,,,,,,,,,
,,Sepultura Quilt Blanket,,,,,,,,,,,,,,,,,,,,,,,,,,https://pod-product.s3.amazonaws.com/p018126-d0872cd0821b4061b7910e51e4f89b82-primary-mockup-300x300.jpg,,,,,,,,,,,,,,,,,,,,,
,,Joni Mitchell Quilt Blanket,,,,,,,,,,,,,,,,,,,,,,,,,,https://pod-product.s3.amazonaws.com/p018125-836b37e263234cbca630b74f96851073-primary-mockup-300x300.jpg,,,,,,,,,,,,,,,,,,,,,
,,Arthur Conan Doyle Books Quilt Blanket,,,,,,,,,,,,,,,,,,,,,,,,,,https://pod-product.s3.amazonaws.com/p017331-31d5545591174126a66e9251a820144b-primary-mockup-300x300.jpg,,,,,,,,,,,,,,,,,,,,,
,,C. S. Lewis Books Quilt Blanket,,,,,,,,,,,,,,,,,,,,,,,,,,https://pod-product.s3.amazonaws.com/p017330-0c731de240334633960243bfc3313be5-primary-mockup-300x300.jpg,,,,,,,,,,,,,,,,,,,,,
,,Dr.Seuss Books Quilt Blanket,,,,,,,,,,,,,,,,,,,,,,,,,,https://pod-product.s3.amazonaws.com/p017329-d57edb5b5b79459abfc1c0a05a029ee9-primary-mockup-300x300.jpg,,,,,,,,,,,,,,,,,,,,,
,,George R. R. Martin Books Quilt Blanket,,,,,,,,,,,,,,,,,,,,,,,,,,https://pod-product.s3.amazonaws.com/p017328-5f15355549dd4c67b79bd4d0662098aa-primary-mockup-300x300.jpg,,,,,,,,,,,,,,,,,,,,,
,,Graham Greene Books Quilt Blanket,,,,,,,,,,,,,,,,,,,,,,,,,,https://pod-product.s3.amazonaws.com/p017327-35d9fb91cfba42b3b4da2898465d87c9-primary-mockup-300x300.jpg,,,,,,,,,,,,,,,,,,,,,
,,J. R. R. Tolkien Books Quilt Blanket,,,,,,,,,,,,,,,,,,,,,,,,,,https://pod-product.s3.amazonaws.com/p017326-3be60d329e3e499b868858a12ae9dfa9-primary-mockup-300x300.jpg,,,,,,,,,,,,,,,,,,,,,
,,James Patterson Books Quilt Blanket,,,,,,,,,,,,,,,,,,,,,,,,,,https://pod-product.s3.amazonaws.com/p017325-ee5115910e58493ebe75d6a4b4249db6-primary-mockup-300x300.jpg,,,,,,,,,,,,,,,,,,,,,
,,Leo Tolstoy Books Quilt Blanket,,,,,,,,,,,,,,,,,,,,,,,,,,https://pod-product.s3.amazonaws.com/p017324-dad69d6313924f81bb6bb8b22d158795-primary-mockup-300x300.jpg,,,,,,,,,,,,,,,,,,,,,
,,Lewis Carrol Books Quilt Blanket,,,,,,,,,,,,,,,,,,,,,,,,,,https://pod-product.s3.amazonaws.com/p017323-1a7bcbbf41fd43c3bb49fd7d5ae1037b-primary-mockup-300x300.jpg,,,,,,,,,,,,,,,,,,,,,
,,Mark Twain Books Quilt Blanket,,,,,,,,,,,,,,,,,,,,,,,,,,https://pod-product.s3.amazonaws.com/p017322-71bd53eef06c4aae971f0b549bcddacc-primary-mockup-300x300.jpg,,,,,,,,,,,,,,,,,,,,,
,,Maya Angelou Books Quilt Blanket,,,,,,,,,,,,,,,,,,,,,,,,,,https://pod-product.s3.amazonaws.com/p017321-aadf79c1b49546b7bf70a958c29c044f-primary-mockup-300x300.jpg,,,,,,,,,,,,,,,,,,,,,
,,CAVALIER KING CHARLES SPANIEL URBAN Blanket,,,,,,,,,,,,,,,,,,,,,,,,,,https://pod-product.s3.amazonaws.com/p017176-cbf333e49c584280904112314702a537-primary-mockup-300x300.jpg,,,,,,,,,,,,,,,,,,,,,
,,DOBERMAN GO CAMPING Blanket,,,,,,,,,,,,,,,,,,,,,,,,,,https://pod-product.s3.amazonaws.com/p017175-82ace3ceac754512bacd3c7bcef3970e-primary-mockup-300x300.jpg,,,,,,,,,,,,,,,,,,,,,
,,BOSTON TERRIER GO CAMPING Blanket,,,,,,,,,,,,,,,,,,,,,,,,,,https://pod-product.s3.amazonaws.com/p017174-f207362af7fa4cc4a5ef53472944b721-primary-mockup-300x300.jpg,,,,,,,,,,,,,,,,,,,,,
,,POODLE GO CAMPING Blanket,,,,,,,,,,,,,,,,,,,,,,,,,,https://pod-product.s3.amazonaws.com/p017173-178afb12250a4cf886dd3bb23d757d53-primary-mockup-300x300.jpg,,,,,,,,,,,,,,,,,,,,,
,,GOLDEN RETRIEVER GOING CAMPING Blanket,,,,,,,,,,,,,,,,,,,,,,,,,,https://pod-product.s3.amazonaws.com/p017172-2648332e3d38417cbcbb9ad8e6431871-primary-mockup-300x300.jpg,,,,,,,,,,,,,,,,,,,,,
,,DACHSHUND GOING CAMPING Blanket,,,,,,,,,,,,,,,,,,,,,,,,,,https://pod-product.s3.amazonaws.com/p017171-00e1e9e903e248bab5f1a28a1a63cc1e-primary-mockup-300x300.jpg,,,,,,,,,,,,,,,,,,,,,
,,CUTE CAMPING Blanket,,,,,,,,,,,,,,,,,,,,,,,,,,https://pod-product.s3.amazonaws.com/p017170-e60e3994a3d049f0996649c92d770d8b-primary-mockup-300x300.jpg,,,,,,,,,,,,,,,,,,,,,
,,CHIHUAHUA GOING CAMPING Blanket,,,,,,,,,,,,,,,,,,,,,,,,,,https://pod-product.s3.amazonaws.com/p017169-7a35129bea95453096305f4d27d0ff5d-primary-mockup-300x300.jpg,,,,,,,,,,,,,,,,,,,,,
,,Sex Pistols Quilt Blanket,,,,,,,,,,,,,,,,,,,,,,,,,,https://pod-product.s3.amazonaws.com/p015880-a6c87f6caf1548c5a51cbc3ada9d53fa-primary-mockup-300x300.jpg,,,,,,,,,,,,,,,,,,,,,
,,UFO Quilt Blanket,,,,,,,,,,,,,,,,,,,,,,,,,,https://pod-product.s3.amazonaws.com/p015841-191662ca396047b798b538e8b0116c37-primary-mockup-300x300.jpg,,,,,,,,,,,,,,,,,,,,,
,,King Crimson Quilt Blanket,,,,,,,,,,,,,,,,,,,,,,,,,,https://pod-product.s3.amazonaws.com/p015840-c657944a745a4a869045977b90f55f35-primary-mockup-300x300.jpg,,,,,,,,,,,,,,,,,,,,,
,,Merle Haggard Quilt Blanket,,,,,,,,,,,,,,,,,,,,,,,,,,https://pod-product.s3.amazonaws.com/p015839-24a3c5ca23ea4ce182168934494bef6b-primary-mockup-300x300.jpg,,,,,,,,,,,,,,,,,,,,,
,,HIM Quilt Blanket,,,,,,,,,,,,,,,,,,,,,,,,,,https://pod-product.s3.amazonaws.com/p015838-c9dec194717445458d849145d2de04b4-primary-mockup-300x300.jpg,,,,,,,,,,,,,,,,,,,,,
,,"Hank Williams, Jr. Quilt Blanket",,,,,,,,,,,,,,,,,,,,,,,,,,https://pod-product.s3.amazonaws.com/p015837-3f32015cd28844ec892f5e2d21bddda7-primary-mockup-300x300.jpg,,,,,,,,,,,,,,,,,,,,,
,,Charlie Daniels Quilt Blanket,,,,,,,,,,,,,,,,,,,,,,,,,,https://pod-product.s3.amazonaws.com/p015835-85321526adf24a1da4ff4bcc0e3e6fa3-primary-mockup-300x300.jpg,,,,,,,,,,,,,,,,,,,,,
,,Marillion Quilt Blanket,,,,,,,,,,,,,,,,,,,,,,,,,,https://pod-product.s3.amazonaws.com/p015834-d051aef56cf44cb98f4032a712fc3f2e-primary-mockup-300x300.jpg,,,,,,,,,,,,,,,,,,,,,
,,Big Head Todd and the Monsters Quilt Blanket,,,,,,,,,,,,,,,,,,,,,,,,,,https://pod-product.s3.amazonaws.com/p015833-058f46f28d504628b0ae107f6409775b-primary-mockup-300x300.jpg,,,,,,,,,,,,,,,,,,,,,
,,Gregg Allman Quilt Blanket,,,,,,,,,,,,,,,,,,,,,,,,,,https://pod-product.s3.amazonaws.com/p015832-4e998970643b47dda6e9570662f932b4-primary-mockup-300x300.jpg,,,,,,,,,,,,,,,,,,,,,
,,John Denver Quilt Blanket,,,,,,,,,,,,,,,,,,,,,,,,,,https://pod-product.s3.amazonaws.com/p015831-5b4b5675bdf642129aa2a0fd3d7a62d1-primary-mockup-300x300.jpg,,,,,,,,,,,,,,,,,,,,,
,,Eric Church Quilt Blanket,,,,,,,,,,,,,,,,,,,,,,,,,,https://pod-product.s3.amazonaws.com/p015830-9f77fefec4544303bf0dc7c909f37974-primary-mockup-300x300.jpg,,,,,,,,,,,,,,,,,,,,,
,,Sublime Quilt Blanket,,,,,,,,,,,,,,,,,,,,,,,,,,https://pod-product.s3.amazonaws.com/p015828-8870e184dafb4d6f8ac445a6236ecfc5-primary-mockup-300x300.jpg,,,,,,,,,,,,,,,,,,,,,
,,John Mayer Quilt Blanket,,,,,,,,,,,,,,,,,,,,,,,,,,https://pod-product.s3.amazonaws.com/p015818-01ec2c9a25434aebae340cdbf6e7a8d5-primary-mockup-300x300.jpg,,,,,,,,,,,,,,,,,,,,,
,,Bryan Adams 2 Quilt Blanket,,,,,,,,,,,,,,,,,,,,,,,,,,https://pod-product.s3.amazonaws.com/p015817-257af4c236e141a08f1086026ddc1889-primary-mockup-300x300.jpg,,,,,,,,,,,,,,,,,,,,,
,,Thrice Quilt Blanket,,,,,,,,,,,,,,,,,,,,,,,,,,https://pod-product.s3.amazonaws.com/p015816-64d581f04d9c4415afa179982be7a5c5-primary-mockup-300x300.jpg,,,,,,,,,,,,,,,,,,,,,
,,The Strokes Quilt Blanket,,,,,,,,,,,,,,,,,,,,,,,,,,https://pod-product.s3.amazonaws.com/p015813-a0ff59ee6e0c4988bc13f4825b28acd7-primary-mockup-300x300.jpg,,,,,,,,,,,,,,,,,,,,,
,,Joe Satriani Quilt Blanket,,,,,,,,,,,,,,,,,,,,,,,,,,https://pod-product.s3.amazonaws.com/p015812-f960ff024084418697576b29ec0a0d61-primary-mockup-300x300.jpg,,,,,,,,,,,,,,,,,,,,,
,,Skillet Quilt Blanket,,,,,,,,,,,,,,,,,,,,,,,,,,https://pod-product.s3.amazonaws.com/p015810-1500866efc79422e9da16f01d7fc3386-primary-mockup-300x300.jpg,,,,,,,,,,,,,,,,,,,,,
,,Barry Manilow Quilt Blanket,,,,,,,,,,,,,,,,,,,,,,,,,,https://pod-product.s3.amazonaws.com/p015808-15108bdd725540c8952c0a9deaae361c-primary-mockup-300x300.jpg,,,,,,,,,,,,,,,,,,,,,
,,Helen Reddy Quilt Blanket,,,,,,,,,,,,,,,,,,,,,,,,,,https://pod-product.s3.amazonaws.com/p015807-61803ea2da8b45ddbb4c90b6fff5100a-primary-mockup-300x300.jpg,,,,,,,,,,,,,,,,,,,,,
,,Sir Cliff Richard Quilt Blanket,,,,,,,,,,,,,,,,,,,,,,,,,,https://pod-product.s3.amazonaws.com/p015805-d7a6fee1e935493aa75a1fd9db8564cb-primary-mockup-300x300.jpg,,,,,,,,,,,,,,,,,,,,,
,,First Base Quilt Blanket,,,,,,,,,,,,,,,,,,,,,,,,,,https://pod-product.s3.amazonaws.com/p015802-403533ebb08e42428ab74efca1ffdf0c-primary-mockup-300x300.jpg,,,,,,,,,,,,,,,,,,,,,
,,Underoath Quilt Blanket,,,,,,,,,,,,,,,,,,,,,,,,,,https://pod-product.s3.amazonaws.com/p015800-298a2678aa634d7ca84c00292ce892e6-primary-mockup-300x300.jpg,,,,,,,,,,,,,,,,,,,,,
,,Pearl Jam Quilt Blanket,,,,,,,,,,,,,,,,,,,,,,,,,,https://pod-product.s3.amazonaws.com/p015562-ece91e62ffdc4c16a601f1a3698e88a5-primary-mockup-300x300.jpg,,,,,,,,,,,,,,,,,,,,,
,,Black Stone Cherry Quilt Blanket,,,,,,,,,,,,,,,,,,,,,,,,,,https://pod-product.s3.amazonaws.com/p015347-911beb78397b4159bb689da007ba7496-primary-mockup-300x300.jpg,,,,,,,,,,,,,,,,,,,,,
,,The Black Crowes Quilt Blanket,,,,,,,,,,,,,,,,,,,,,,,,,,https://pod-product.s3.amazonaws.com/p015346-b98551af40f249668e9e1c97194a9935-primary-mockup-300x300.jpg,,,,,,,,,,,,,,,,,,,,,
,,Circa Survive Quilt Blanket,,,,,,,,,,,,,,,,,,,,,,,,,,https://pod-product.s3.amazonaws.com/p015345-a141491d32d64091aabecaacfa56ec91-primary-mockup-300x300.jpg,,,,,,,,,,,,,,,,,,,,,
,,Barbra Streisand Quilt Blanket,,,,,,,,,,,,,,,,,,,,,,,,,,https://pod-product.s3.amazonaws.com/p015343-55dbe993e89849bc8724fc4982a1abb4-primary-mockup-300x300.jpg,,,,,,,,,,,,,,,,,,,,,
,,Cyndi Lauper Quilt Blanket,,,,,,,,,,,,,,,,,,,,,,,,,,https://pod-product.s3.amazonaws.com/p015341-23e797f109b4449fb4fcb9f4fa40e9fe-primary-mockup-300x300.jpg,,,,,,,,,,,,,,,,,,,,,
,,Gene Clark Quilt Blanket,,,,,,,,,,,,,,,,,,,,,,,,,,https://pod-product.s3.amazonaws.com/p015340-115353ef48454621a4952de18eea3f54-primary-mockup-300x300.jpg,,,,,,,,,,,,,,,,,,,,,
,,U2 New Style Quilt Blanket,,,,,,,,,,,,,,,,,,,,,,,,,,https://pod-product.s3.amazonaws.com/p015123-00c451216de84ef0b320d0eaf814d4c7-primary-mockup-300x300.jpg,,,,,,,,,,,,,,,,,,,,,
,,Dio Quilt Blanket,,,,,,,,,,,,,,,,,,,,,,,,,,https://pod-product.s3.amazonaws.com/p015115-0ac798d91e0845f3a0acf6a2272c9c4d-primary-mockup-300x300.jpg,,,,,,,,,,,,,,,,,,,,,
,,George Strait Quilt Blanket,,,,,,,,,,,,,,,,,,,,,,,,,,https://pod-product.s3.amazonaws.com/george-strait-mockup-300x300.jpg,,,,,,,,,,,,,,,,,,,,,
,,KIX Quilt Blanket,,,,,,,,,,,,,,,,,,,,,,,,,,https://pod-product.s3.amazonaws.com/p015053-742490eead814994a909f8f2817a2488-primary-mockup-300x300.jpg,,,,,,,,,,,,,,,,,,,,,
,,Kenny Chesney Quilt Blanket,,,,,,,,,,,,,,,,,,,,,,,,,,https://pod-product.s3.amazonaws.com/p015051-e195357ca30e46869408709256df26b0-primary-mockup-300x300.jpg,,,,,,,,,,,,,,,,,,,,,
,,Social Distortion Quilt Blanket,,,,,,,,,,,,,,,,,,,,,,,,,,https://pod-product.s3.amazonaws.com/p015050-1b4f302f953348cb99bf675031b498ad-primary-mockup-300x300.jpg,,,,,,,,,,,,,,,,,,,,,
,,Waylon Jennings Quilt Blanket,,,,,,,,,,,,,,,,,,,,,,,,,,https://pod-product.s3.amazonaws.com/p015049-89cd83729c994724a2609195df4b6460-primary-mockup-300x300.jpg,,,,,,,,,,,,,,,,,,,,,
,,The Guess Who Quilt Blanket,,,,,,,,,,,,,,,,,,,,,,,,,,https://pod-product.s3.amazonaws.com/p015047-6b8aa188101a4bbd95ed3f1ca3e9bd10-primary-mockup-300x300.jpg,,,,,,,,,,,,,,,,,,,,,
,,Beth Hart Quilt Blanket,,,,,,,,,,,,,,,,,,,,,,,,,,https://pod-product.s3.amazonaws.com/p014983-1444c8c97f6d4546ab1de3a5e507a96e-primary-mockup-300x300.jpg,,,,,,,,,,,,,,,,,,,,,
,,The Osmonds Quilt Blanket,,,,,,,,,,,,,,,,,,,,,,,,,,https://pod-product.s3.amazonaws.com/p014982-1bb95d446df24d31afebeb31798cb6ac-primary-mockup-300x300.jpg,,,,,,,,,,,,,,,,,,,,,
,,Sex Pistol Quilt Blanket,,,,,,,,,,,,,,,,,,,,,,,,,,https://pod-product.s3.amazonaws.com/p014981-9f20dcf08dfb47388f615eedee9bff92-primary-mockup-300x300.jpg,,,,,,,,,,,,,,,,,,,,,
,,Van Morrison Quilt Blanket,,,,,,,,,,,,,,,,,,,,,,,,,,https://pod-product.s3.amazonaws.com/p014972-dcd8f7275d26491384aac2ffff9a9b2a-primary-mockup-300x300.jpg,,,,,,,,,,,,,,,,,,,,,
,,Boston Quilt Blanket,,,,,,,,,,,,,,,,,,,,,,,,,,https://pod-product.s3.amazonaws.com/p014901-23ccda66d2e44c3cb2b9c120da0d03ad-primary-mockup-300x300.jpg,,,,,,,,,,,,,,,,,,,,,
,,The Runaways Quilt Blanket,,,,,,,,,,,,,,,,,,,,,,,,,,https://pod-product.s3.amazonaws.com/p014900-1ef31cf70dfa4df5b38a596733b5bdbb-primary-mockup-300x300.jpg,,,,,,,,,,,,,,,,,,,,,
,,Third Eye Blind Quilt Blanket,,,,,,,,,,,,,,,,,,,,,,,,,,https://pod-product.s3.amazonaws.com/p014899-109562e9ac5c4f25a920d4543ecc1042-primary-mockup-300x300.jpg,,,,,,,,,,,,,,,,,,,,,
,,Culture Club Quilt Blanket,,,,,,,,,,,,,,,,,,,,,,,,,,https://pod-product.s3.amazonaws.com/p014898-6827bc9dc4434c24bf8ac0322d321576-primary-mockup-300x300.jpg,,,,,,,,,,,,,,,,,,,,,
,,Tom Waits Quilt Blanket,,,,,,,,,,,,,,,,,,,,,,,,,,https://pod-product.s3.amazonaws.com/p014897-d86d8f3b65d340be9a3b248085e04762-primary-mockup-300x300.jpg,,,,,,,,,,,,,,,,,,,,,
,,System of a Down Quilt Blanket,,,,,,,,,,,,,,,,,,,,,,,,,,https://pod-product.s3.amazonaws.com/p014896-55a5ab10fdfc4254875d360be6f57d4c-primary-mockup-300x300.jpg,,,,,,,,,,,,,,,,,,,,,
,,David Gilmour Quilt Blanket,,,,,,,,,,,,,,,,,,,,,,,,,,https://pod-product.s3.amazonaws.com/p014895-f59cf9f65f5e4feaaf51801f2d72a3b5-primary-mockup-300x300.jpg,,,,,,,,,,,,,,,,,,,,,
,,Michael McDonald Quilt Blanket,,,,,,,,,,,,,,,,,,,,,,,,,,https://pod-product.s3.amazonaws.com/p014894-19e96053f69c4cd8a0555959f6850eca-primary-mockup-300x300.jpg,,,,,,,,,,,,,,,,,,,,,
,,Jeff Beck Quilt Blanket,,,,,,,,,,,,,,,,,,,,,,,,,,https://pod-product.s3.amazonaws.com/p014893-975e0b07369246f8821404a1d5fdff09-primary-mockup-300x300.jpg,,,,,,,,,,,,,,,,,,,,,
,,A-ha Quilt Blanket,,,,,,,,,,,,,,,,,,,,,,,,,,https://pod-product.s3.amazonaws.com/p014892-3484f8eb4fc64669a2a7cd0b3085ce0c-primary-mockup-300x300.jpg,,,,,,,,,,,,,,,,,,,,,
,,Teena Marie Quilt Blanket,,,,,,,,,,,,,,,,,,,,,,,,,,https://pod-product.s3.amazonaws.com/p014891-711de87a85204af29fa7bd97f8166d22-primary-mockup-300x300.jpg,,,,,,,,,,,,,,,,,,,,,
,,Overkill Quilt Blanket,,,,,,,,,,,,,,,,,,,,,,,,,,https://pod-product.s3.amazonaws.com/p014886-93e1b7acefd0407aa7e2bf0c73c0723f-primary-mockup-300x300.jpg,,,,,,,,,,,,,,,,,,,,,
,,Renaissance Quilt Blanket,,,,,,,,,,,,,,,,,,,,,,,,,,https://pod-product.s3.amazonaws.com/p014292-ecb0b94ad2c141faa19d39dea38b0e09-primary-mockup-300x300.jpg,,,,,,,,,,,,,,,,,,,,,
,,Black Flag Quilt Blanket,,,,,,,,,,,,,,,,,,,,,,,,,,https://pod-product.s3.amazonaws.com/p014288-534e3d01221c48bb8a36ef1fe3e37b12-primary-mockup-300x300.jpg,,,,,,,,,,,,,,,,,,,,,
,,Sevendust Quilt Blanket,,,,,,,,,,,,,,,,,,,,,,,,,,https://pod-product.s3.amazonaws.com/p014287-8b71fa23436c4197b92e65848004cca1-primary-mockup-300x300.jpg,,,,,,,,,,,,,,,,,,,,,
,,Simon & Garfunkel Quilt Blanket,,,,,,,,,,,,,,,,,,,,,,,,,,https://pod-product.s3.amazonaws.com/p014283-0de56352d5cf48479a422c68f106748f-primary-mockup-300x300.jpg,,,,,,,,,,,,,,,,,,,,,
,,INXS Quilt Blanket,,,,,,,,,,,,,,,,,,,,,,,,,,https://pod-product.s3.amazonaws.com/inxs-mockup-300x300.jpg,,,,,,,,,,,,,,,,,,,,,
,,Three Dog Night Quilt Blanket,,,,,,,,,,,,,,,,,,,,,,,,,,https://pod-product.s3.amazonaws.com/p014123-62504d49dbee44eeb18757bcc99343e8-primary-mockup-300x300.jpg,,,,,,,,,,,,,,,,,,,,,
,,Asia Quilt Blanket,,,,,,,,,,,,,,,,,,,,,,,,,,https://pod-product.s3.amazonaws.com/p014121-fd413ecc140d4164af24e0512b207ede-primary-mockup-300x300.jpg,,,,,,,,,,,,,,,,,,,,,
,,The Monkees Quilt Blanket,,,,,,,,,,,,,,,,,,,,,,,,,,https://pod-product.s3.amazonaws.com/p014120-84fa68484f034517bc05fdfcb684ea4c-primary-mockup-300x300.jpg,,,,,,,,,,,,,,,,,,,,,
,,Jerry Lee Lewis Quilt Blanket,,,,,,,,,,,,,,,,,,,,,,,,,,https://pod-product.s3.amazonaws.com/p014119-d5bb86fe926a4041a520819a59ff00d6-primary-mockup-300x300.jpg,,,,,,,,,,,,,,,,,,,,,
,,The Kinks Quilt Blanket,,,,,,,,,,,,,,,,,,,,,,,,,,https://pod-product.s3.amazonaws.com/p014114-d3a5a6b131ea4496bee1e1a4f52a1dd5-primary-mockup-300x300.jpg,,,,,,,,,,,,,,,,,,,,,
,,John Mellencamp Quilt Blanket,,,,,,,,,,,,,,,,,,,,,,,,,,https://pod-product.s3.amazonaws.com/p014111-a7f1cc4e45a7437c8da5f20e83bc9594-primary-mockup-300x300.jpg,,,,,,,,,,,,,,,,,,,,,
,,Peter Gabriel Quilt Blanket,,,,,,,,,,,,,,,,,,,,,,,,,,https://pod-product.s3.amazonaws.com/p014110-b5a2d67e1f11462699e4c83869f445ab-primary-mockup-300x300.jpg,,,,,,,,,,,,,,,,,,,,,
,,Alabama Quilt Blanket,,,,,,,,,,,,,,,,,,,,,,,,,,https://pod-product.s3.amazonaws.com/p014109-0bfc45b8c2f24fcd8ea985836c4639e1-primary-mockup-300x300.jpg,,,,,,,,,,,,,,,,,,,,,
,,Papa Roach Quilt Blanket,,,,,,,,,,,,,,,,,,,,,,,,,,https://pod-product.s3.amazonaws.com/p014106-1f4c1c77744d4877b8ab1982fba84d00-primary-mockup-300x300.jpg,,,,,,,,,,,,,,,,,,,,,
,,Rainbow Quilt Blanket,,,,,,,,,,,,,,,,,,,,,,,,,,https://pod-product.s3.amazonaws.com/p014096-5a4105dfd2604d269806603878769c96-primary-mockup-300x300.jpg,,,,,,,,,,,,,,,,,,,,,
,,Blackberry Smoke Quilt Blanket,,,,,,,,,,,,,,,,,,,,,,,,,,https://pod-product.s3.amazonaws.com/p014095-03e6ea138ed142ff93c2317a187a2252-primary-mockup-300x300.jpg,,,,,,,,,,,,,,,,,,,,,
,,The Cranberries Quilt Blanket,,,,,,,,,,,,,,,,,,,,,,,,,,https://pod-product.s3.amazonaws.com/p014094-029d50c0c00942a5802922774d6e6a5e-primary-mockup-300x300.jpg,,,,,,,,,,,,,,,,,,,,,
,,Billy Idol Quilt Blanket,,,,,,,,,,,,,,,,,,,,,,,,,,https://pod-product.s3.amazonaws.com/p014093-c2b015f057c34deca1ea9342fe1262b6-primary-mockup-300x300.jpg,,,,,,,,,,,,,,,,,,,,,
,,Hall & Oates Quilt Blanket,,,,,,,,,,,,,,,,,,,,,,,,,,https://pod-product.s3.amazonaws.com/p014091-b167add5b5614b18878b00ffc85a8d69-primary-mockup-300x300.jpg,,,,,,,,,,,,,,,,,,,,,
,,Creedence Clearwater Revival Quilt Blanket,,,,,,,,,,,,,,,,,,,,,,,,,,https://pod-product.s3.amazonaws.com/p014090-ea0c85f4b75044a5b85c4d37e5b10d8f-primary-mockup-300x300.jpg,,,,,,,,,,,,,,,,,,,,,
,,Joan Jett & The Blackhearts Quilt Blanket,,,,,,,,,,,,,,,,,,,,,,,,,,https://pod-product.s3.amazonaws.com/p014089-867f5a8bc1f1439face6a69b37da863a-primary-mockup-300x300.jpg,,,,,,,,,,,,,,,,,,,,,
,,Great White Quilt Blanket,,,,,,,,,,,,,,,,,,,,,,,,,,https://pod-product.s3.amazonaws.com/p014087-102a029abdf94605889c54e58cdd8a28-primary-mockup-300x300.jpg,,,,,,,,,,,,,,,,,,,,,
,,Today is the day Quilt Blanket,,,,,,,,,,,,,,,,,,,,,,,,,,https://pod-product.s3.amazonaws.com/p014086-8e5e839979c14d388bc978731078cc29-primary-mockup-300x300.jpg,,,,,,,,,,,,,,,,,,,,,
,,Beastie Boys Quilt Blanket,,,,,,,,,,,,,,,,,,,,,,,,,,https://pod-product.s3.amazonaws.com/p014085-8669faa9f6fc4e54a96164e661493504-primary-mockup-300x300.jpg,,,,,,,,,,,,,,,,,,,,,
,,"Earth, Wind & Fire Quilt Blanket",,,,,,,,,,,,,,,,,,,,,,,,,,https://pod-product.s3.amazonaws.com/p014084-f63ffd5ada5547ceb75f5b66b5ffc4bd-primary-mockup-300x300.jpg,,,,,,,,,,,,,,,,,,,,,
,,Smokey Robinson Quilt Blanket,,,,,,,,,,,,,,,,,,,,,,,,,,https://pod-product.s3.amazonaws.com/p014081-c67c484bf8e24cda8c2a909628a17fa9-primary-mockup-300x300.jpg,,,,,,,,,,,,,,,,,,,,,
,,Limp Bizkit Quilt Blanket,,,,,,,,,,,,,,,,,,,,,,,,,,https://pod-product.s3.amazonaws.com/p014076-28696501cfec4cc4b37f0e6d903bbe87-primary-mockup-300x300.jpg,,,,,,,,,,,,,,,,,,,,,
,,The Smiths Quilt Blanket,,,,,,,,,,,,,,,,,,,,,,,,,,https://pod-product.s3.amazonaws.com/p014074-613f5db599c840a19e598254f7f7769d-primary-mockup-300x300.jpg,,,,,,,,,,,,,,,,,,,,,
,,Exodus Quilt Blanket,,,,,,,,,,,,,,,,,,,,,,,,,,https://pod-product.s3.amazonaws.com/p014073-4c51b230d19948abacffa1c59ed01352-primary-mockup-300x300.jpg,,,,,,,,,,,,,,,,,,,,,
,,Black Label Society Quilt Blanket,,,,,,,,,,,,,,,,,,,,,,,,,,https://pod-product.s3.amazonaws.com/p014071-ec6dcc109b994f76a075f79bf3851ead-primary-mockup-300x300.jpg,,,,,,,,,,,,,,,,,,,,,
,,John Fogerty Quilt Blanket,,,,,,,,,,,,,,,,,,,,,,,,,,https://pod-product.s3.amazonaws.com/p014069-a0ca90052e4f4310888218da65ac2317-primary-mockup-300x300.jpg,,,,,,,,,,,,,,,,,,,,,
,,Paul Simon Quilt Blanket,,,,,,,,,,,,,,,,,,,,,,,,,,https://pod-product.s3.amazonaws.com/p014068-8f7d23813f5f4da483c95e9ebda52187-primary-mockup-300x300.jpg,,,,,,,,,,,,,,,,,,,,,
,,Melvins Quilt Blanket,,,,,,,,,,,,,,,,,,,,,,,,,,https://pod-product.s3.amazonaws.com/p014066-aec371bcc201457d929a085fc7c30be0-primary-mockup-300x300.jpg,,,,,,,,,,,,,,,,,,,,,
,,The Allman Brothers Band Quilt Blanket,,,,,,,,,,,,,,,,,,,,,,,,,,https://pod-product.s3.amazonaws.com/p014064-c6e2916bf62040839d5a52d0b1197558-primary-mockup-300x300.jpg,,,,,,,,,,,,,,,,,,,,,
,,Garth Brooks Quilt Blanket,,,,,,,,,,,,,,,,,,,,,,,,,,https://pod-product.s3.amazonaws.com/p014062-0c67b79459094b6fbe0bed627c1da619-primary-mockup-300x300.jpg,,,,,,,,,,,,,,,,,,,,,
,,Slipknot Quilt Blanket,,,,,,,,,,,,,,,,,,,,,,,,,,https://pod-product.s3.amazonaws.com/p014055-9b44d81c4ca9445097ae3ae738fc3dea-primary-mockup-300x300.jpg,,,,,,,,,,,,,,,,,,,,,
,,Saves the Day Quilt Blanket,,,,,,,,,,,,,,,,,,,,,,,,,,https://pod-product.s3.amazonaws.com/p014030-293c4a01c34c4ab492c3bb4aa14343ad-primary-mockup-300x300.jpg,,,,,,,,,,,,,,,,,,,,,
,,Breaking Benjamin Quilt Blanket,,,,,,,,,,,,,,,,,,,,,,,,,,https://pod-product.s3.amazonaws.com/p014028-31d8a6cce896406e87c7af261f1a962f-primary-mockup-300x300.jpg,,,,,,,,,,,,,,,,,,,,,
,,The Killers Quilt Blanket,,,,,,,,,,,,,,,,,,,,,,,,,,https://pod-product.s3.amazonaws.com/p014024-caf370a066504100a0dd310fe67b58ff-primary-mockup-300x300.jpg,,,,,,,,,,,,,,,,,,,,,
,,AFI Quilt Blanket,,,,,,,,,,,,,,,,,,,,,,,,,,https://pod-product.s3.amazonaws.com/p014021-626a8afbcb2c43ffa422ee370f5ca337-primary-mockup-300x300.jpg,,,,,,,,,,,,,,,,,,,,,
,,Primus Quilt Blanket,,,,,,,,,,,,,,,,,,,,,,,,,,https://pod-product.s3.amazonaws.com/p013612-043f35428de24380a4917e1dcbefe009-primary-mockup-300x300.jpg,,,,,,,,,,,,,,,,,,,,,
,,New Found Glory Quilt Blanket,,,,,,,,,,,,,,,,,,,,,,,,,,https://pod-product.s3.amazonaws.com/p013467-90d64aa18566437c8e1f4a1a35a4bffe-primary-mockup-300x300.jpg,,,,,,,,,,,,,,,,,,,,,
,,Roy Orbison Quilt Blanket,,,,,,,,,,,,,,,,,,,,,,,,,,https://pod-product.s3.amazonaws.com/p013461-a99d533790704ed49ee3b16a10c9f536-primary-mockup-300x300.jpg,,,,,,,,,,,,,,,,,,,,,
,,Robert Plant Quilt Blanket,,,,,,,,,,,,,,,,,,,,,,,,,,https://pod-product.s3.amazonaws.com/p013456-28f8919c497e4da6a13a57a5c490f10f-primary-mockup-300x300.jpg,,,,,,,,,,,,,,,,,,,,,
,,Steve Vai Quilt Blanket,,,,,,,,,,,,,,,,,,,,,,,,,,https://pod-product.s3.amazonaws.com/p013453-cb7c131ddc3349f785b156d953613fd2-primary-mockup-300x300.jpg,,,,,,,,,,,,,,,,,,,,,
,,Iggy Pop Quilt Blanket,,,,,,,,,,,,,,,,,,,,,,,,,,https://pod-product.s3.amazonaws.com/p013452-1a3efc5aa8084c4fb76c7cd3081b8845-primary-mockup-300x300.jpg,,,,,,,,,,,,,,,,,,,,,
,,Radiohead Quilt Blanket,,,,,,,,,,,,,,,,,,,,,,,,,,https://pod-product.s3.amazonaws.com/p013448-a566621b1cb74e899236bb52d060bde9-primary-mockup-300x300.jpg,,,,,,,,,,,,,,,,,,,,,
,,Jackson Browne Quilt Blanket,,,,,,,,,,,,,,,,,,,,,,,,,,https://pod-product.s3.amazonaws.com/p013444-dbf6472e771e440ca6a5c88d36387a03-primary-mockup-300x300.jpg,,,,,,,,,,,,,,,,,,,,,
,,Free Band Quilt Blanket,,,,,,,,,,,,,,,,,,,,,,,,,,https://pod-product.s3.amazonaws.com/p013439-f4ddcdee3e7444fb8d76e1b7f76b859d-primary-mockup-300x300.jpg,,,,,,,,,,,,,,,,,,,,,
,,Sting Quilt Blanket,,,,,,,,,,,,,,,,,,,,,,,,,,https://pod-product.s3.amazonaws.com/p013436-4999eacfde9542c188b5617e5af6ccf3-primary-mockup-300x300.jpg,,,,,,,,,,,,,,,,,,,,,
,,U2 Quilt Blanket,,,,,,,,,,,,,,,,,,,,,,,,,,https://pod-product.s3.amazonaws.com/p013434-0a1fdb4a4fe14a889bbb959b187c097f-primary-mockup-300x300.jpg,,,,,,,,,,,,,,,,,,,,,
,,The Doobie Brothers Quilt Blanket,,,,,,,,,,,,,,,,,,,,,,,,,,https://pod-product.s3.amazonaws.com/p013421-b223930c26704f0595decf6440206b0d-primary-mockup-300x300.jpg,,,,,,,,,,,,,,,,,,,,,
,,Phil Collins Quilt Blanket,,,,,,,,,,,,,,,,,,,,,,,,,,https://pod-product.s3.amazonaws.com/p013419-f03aade9e2ad48508d9db6c6a3105116-primary-mockup-300x300.jpg,,,,,,,,,,,,,,,,,,,,,
,,Nine Inch Nails Quilt Blanket,,,,,,,,,,,,,,,,,,,,,,,,,,https://pod-product.s3.amazonaws.com/p013417-ebbb8f4677b64c37b4906903666874e1-primary-mockup-300x300.jpg,,,,,,,,,,,,,,,,,,,,,
,,Jethro Tull Quilt Blanket,,,,,,,,,,,,,,,,,,,,,,,,,,https://pod-product.s3.amazonaws.com/p013414-2d06b12f4bc846b59ec9737ae68cff46-primary-mockup-300x300.jpg,,,,,,,,,,,,,,,,,,,,,
,,Ramones Quilt Blanket,,,,,,,,,,,,,,,,,,,,,,,,,,https://pod-product.s3.amazonaws.com/p013412-81e3b5d8f3b740b2ba17e8e434b6c60c-primary-mockup-300x300.jpg,,,,,,,,,,,,,,,,,,,,,
,,Sheryl Crow Quilt Blanket,,,,,,,,,,,,,,,,,,,,,,,,,,https://pod-product.s3.amazonaws.com/p013406-3e3f08c424a741fb92a66bf97c2cbcda-primary-mockup-300x300.jpg,,,,,,,,,,,,,,,,,,,,,
,,The Cult Quilt Blanket,,,,,,,,,,,,,,,,,,,,,,,,,,https://pod-product.s3.amazonaws.com/p013402-b2ab5ec6d1d7412fb61c85b26f5401e5-primary-mockup-300x300.jpg,,,,,,,,,,,,,,,,,,,,,
,,B.B. King Quilt Blanket,,,,,,,,,,,,,,,,,,,,,,,,,,https://pod-product.s3.amazonaws.com/p013398-50a72aa47ab743e5b87bb07c09b17139-primary-mockup-300x300.jpg,,,,,,,,,,,,,,,,,,,,,
,,Deftones Quilt Blanket,,,,,,,,,,,,,,,,,,,,,,,,,,https://pod-product.s3.amazonaws.com/p013392-9c9942aad4b942a7a79795f6015bbd8c-primary-mockup-300x300.jpg,,,,,,,,,,,,,,,,,,,,,
,,Rob Zombie Quilt Blanket,,,,,,,,,,,,,,,,,,,,,,,,,,https://pod-product.s3.amazonaws.com/p013384-691b9230008b48a6af01930318f586b3-primary-mockup-300x300.jpg,,,,,,,,,,,,,,,,,,,,,
,,Sanctuary Quilt Blanket,,,,,,,,,,,,,,,,,,,,,,,,,,https://pod-product.s3.amazonaws.com/p013267-eae3349798cc43a89842de38a30d395e-primary-mockup-300x300.jpg,,,,,,,,,,,,,,,,,,,,,
,,Cher Quilt Blanket,,,,,,,,,,,,,,,,,,,,,,,,,,https://pod-product.s3.amazonaws.com/p013262-dee3ec22c1d947d6b99a8fe474dd482e-primary-mockup-300x300.jpg,,,,,,,,,,,,,,,,,,,,,
,,Coldplay Quilt Blanket,,,,,,,,,,,,,,,,,,,,,,,,,,https://pod-product.s3.amazonaws.com/p013260-14c219008e2b4e27bdf2e2e1e6c0b53d-primary-mockup-300x300.jpg,,,,,,,,,,,,,,,,,,,,,
,,Avenged Sevenfold Quilt Blanket,,,,,,,,,,,,,,,,,,,,,,,,,,https://pod-product.s3.amazonaws.com/p013259-26ba902e2a6241948ea70268d5fb9820-primary-mockup-300x300.jpg,,,,,,,,,,,,,,,,,,,,,
,,Quincy Jones Quilt Blanket,,,,,,,,,,,,,,,,,,,,,,,,,,https://pod-product.s3.amazonaws.com/p013258-4a74fa585f7042b1ac3ec92221716886-primary-mockup-300x300.jpg,,,,,,,,,,,,,,,,,,,,,
,,Steely Dan Quilt Blanket,,,,,,,,,,,,,,,,,,,,,,,,,,https://pod-product.s3.amazonaws.com/p013257-b6fc71d1f30a4d1a8efd9b8bd6bdd52a-primary-mockup-300x300.jpg,,,,,,,,,,,,,,,,,,,,,
,,The Police Quilt Blanket,,,,,,,,,,,,,,,,,,,,,,,,,,https://pod-product.s3.amazonaws.com/p013255-dde8e860d28f462ca92ed201b6222fbe-primary-mockup-300x300.jpg,,,,,,,,,,,,,,,,,,,,,
,,Jimmy Page Quilt Blanket,,,,,,,,,,,,,,,,,,,,,,,,,,https://pod-product.s3.amazonaws.com/p013254-6e86a6df229f48f3bc9e31bc49245b7a-primary-mockup-300x300.jpg,,,,,,,,,,,,,,,,,,,,,
,,Dope Quilt Blanket,,,,,,,,,,,,,,,,,,,,,,,,,,https://pod-product.s3.amazonaws.com/p013250-a292d96c54194ca480eb848dff110467-primary-mockup-300x300.jpg,,,,,,,,,,,,,,,,,,,,,
,,Kate Bush Quilt Blanket,,,,,,,,,,,,,,,,,,,,,,,,,,https://pod-product.s3.amazonaws.com/p013243-e37ee3d6847244c58992b260e42c1dc8-primary-mockup-300x300.jpg,,,,,,,,,,,,,,,,,,,,,
,,Extreme Quilt Blanket,,,,,,,,,,,,,,,,,,,,,,,,,,https://pod-product.s3.amazonaws.com/p013238-d3a478ab0bd042d5b2f4bbe9d1cd556f-primary-mockup-300x300.jpg,,,,,,,,,,,,,,,,,,,,,
,,Prince Quilt Blanket,,,,,,,,,,,,,,,,,,,,,,,,,,https://pod-product.s3.amazonaws.com/p013237-6bf56c3244a14209968e34ee83b08072-primary-mockup-300x300.jpg,,,,,,,,,,,,,,,,,,,,,
,,Bee Gees Quilt Blanket,,,,,,,,,,,,,,,,,,,,,,,,,,https://pod-product.s3.amazonaws.com/p013168-408e5f805c214fbf9c5da2da82388587-primary-mockup-300x300.jpg,,,,,,,,,,,,,,,,,,,,,
,,Korn Quilt Blanket,,,,,,,,,,,,,,,,,,,,,,,,,,https://pod-product.s3.amazonaws.com/p013166-6d712f73f6b1446086d12ba6341dd94a-primary-mockup-300x300.jpg,,,,,,,,,,,,,,,,,,,,,
,,Dolly Parton Quilt Blanket,,,,,,,,,,,,,,,,,,,,,,,,,,https://pod-product.s3.amazonaws.com/p013164-3ed181662a124004889855a9e70f8a62-primary-mockup-300x300.jpg,,,,,,,,,,,,,,,,,,,,,
,,The Band Quilt Blanket,,,,,,,,,,,,,,,,,,,,,,,,,,https://pod-product.s3.amazonaws.com/p013161-838b5237cfb34d8da0e07063d09eb8d4-primary-mockup-300x300.jpg,,,,,,,,,,,,,,,,,,,,,
,,Brian Wilson 2 Quilt Blanket,,,,,,,,,,,,,,,,,,,,,,,,,,https://pod-product.s3.amazonaws.com/p013157-6442fb33617440adaebf9899cbde9f86-primary-mockup-300x300.jpg,,,,,,,,,,,,,,,,,,,,,
,,Elvis Costello Quilt Blanket,,,,,,,,,,,,,,,,,,,,,,,,,,https://pod-product.s3.amazonaws.com/p013149-6d820aa057c54d87a541907a39ed5fce-primary-mockup-300x300.jpg,,,,,,,,,,,,,,,,,,,,,
,,Dave Matthews Band Quilt Blanket,,,,,,,,,,,,,,,,,,,,,,,,,,https://pod-product.s3.amazonaws.com/p013120-26ece2149a9f4c23a53790189d68ee85-primary-mockup-300x300.jpg,,,,,,,,,,,,,,,,,,,,,
,,Deep Purple Quilt Blanket,,,,,,,,,,,,,,,,,,,,,,,,,,https://pod-product.s3.amazonaws.com/p013114-6050296d9c1a40c4b9cc1add6adf7d51-primary-mockup-300x300.jpg,,,,,,,,,,,,,,,,,,,,,
,,Disturbed Quilt Blanket,,,,,,,,,,,,,,,,,,,,,,,,,,https://pod-product.s3.amazonaws.com/p013104-cf9f425bbf744b5d81f22a32f170fe6f-primary-mockup-300x300.jpg,,,,,,,,,,,,,,,,,,,,,
,,Kid Rock Quilt Blanket,,,,,,,,,,,,,,,,,,,,,,,,,,https://pod-product.s3.amazonaws.com/p013103-c26102d8fe344da58c316b02be3bc01c-primary-mockup-300x300.jpg,,,,,,,,,,,,,,,,,,,,,
,,Twenty One Pilots Quilt Blanket,,,,,,,,,,,,,,,,,,,,,,,,,,https://pod-product.s3.amazonaws.com/p013089-c1201bd0759c42c2a908aeeb2fa9da53-primary-mockup-300x300.jpg,,,,,,,,,,,,,,,,,,,,,
,,Willie Nelson Quilt Blanket,,,,,,,,,,,,,,,,,,,,,,,,,,https://pod-product.s3.amazonaws.com/p013088-3b51de82f6d04e509859984eb244917c-primary-mockup-300x300.jpg,,,,,,,,,,,,,,,,,,,,,
,,Foreigner Quilt Blanket,,,,,,,,,,,,,,,,,,,,,,,,,,https://pod-product.s3.amazonaws.com/p013065-248efe0f7d9346c880cee7a0d73fa327-primary-mockup-300x300.jpg,,,,,,,,,,,,,,,,,,,,,
,,Barenaked Ladies Quilt Blanket,,,,,,,,,,,,,,,,,,,,,,,,,,https://pod-product.s3.amazonaws.com/p013064-5b373772212a4c198cb75c6f3d251703-primary-mockup-300x300.jpg,,,,,,,,,,,,,,,,,,,,,
,,The Smashing Pumpkins Quilt Blanket,,,,,,,,,,,,,,,,,,,,,,,,,,https://pod-product.s3.amazonaws.com/p013063-af1f78147cd240f2bca03b90ab924cfc-primary-mockup-300x300.jpg,,,,,,,,,,,,,,,,,,,,,
